Player,Pos,Team,Opp,Def v Pos,VegasPts,Salary,Floor,Ceiling,2017 Avg,2018 Avg,FC Proj,My Proj,Exp.,Used,Con.,Value,Actual Score,Actual Val
Todd Gurley,RB,LAR,vs SF,26,29.75,9600,0,14.9,22.8,24.5,0.00,0.00,100,,46,0,,
Patrick Mahomes II,QB,KC,vs OAK,28,33.25,9500,23.7,42.2,11.4,27.4,31.06,31.06,100,,72,3.3,18.34,1.9
Christian McCaffrey,RB,CAR,@ NO,23,18.00,9400,5.6,26.9,12.3,21.8,14.10,14.10,100,,49,1.5,4.50,0.5
Ezekiel Elliott,RB,DAL,@ NYG,11,15.75,8800,0,12.3,19.0,19.2,0.00,0.00,100,,58,0,,
Antonio Brown,WR,PIT,vs CIN,19,29.50,8800,0,13.5,19.2,18.1,0.00,0.00,100,,52,0,,
DeAndre Hopkins,WR,HOU,vs JAC,13,23.25,8700,11.7,31,17.5,17.0,19.43,19.43,100,,47,2.2,20.70,2.4
Ben Roethlisberger,QB,PIT,vs CIN,18,29.50,8700,18.9,39.9,19.5,22.8,27.26,27.26,100,,58,3.1,14.78,1.7
Julio Jones,WR,ATL,@ TB,28,26.75,8600,9.9,32.2,13.5,16.3,18.80,18.80,100,,45,2.2,24.30,2.8
Davante Adams,WR,GB,vs DET,26,26.50,8500,0,11.3,13.3,18.3,0.00,0.00,100,,35,0,,
Saquon Barkley,RB,NYG,vs DAL,24,22.75,8500,14.5,33.2,,21.2,21.99,21.99,100,,65,2.6,22.20,2.6
Matt Ryan,QB,ATL,@ TB,30,26.75,8500,15.9,33.4,14.8,22.1,22.87,22.87,100,,63,2.7,29.82,3.5
Aaron Rodgers,QB,GB,vs DET,29,26.50,8400,17.2,36.5,19.4,20.9,24.94,24.94,100,,64,3,1.04,0.1
Michael Thomas,WR,NO,vs CAR,6,25.00,8400,4.1,21.8,13.8,16.5,11.18,11.18,100,,52,1.3,5.40,0.6
Alvin Kamara,RB,NO,vs CAR,15,25.00,8400,0,13.8,17.2,20.9,0.00,0.00,100,,51,0,,
Russell Wilson,QB,SEA,vs ARI,21,26.75,8300,14.9,33.7,22.4,19.8,22.43,22.43,100,,63,2.7,8.88,1.1
Deshaun Watson,QB,HOU,vs JAC,16,23.25,8200,16,39,25.3,21.2,25.23,25.23,100,,59,3.1,21.96,2.7
Andrew Luck,QB,IND,@ TEN,11,23.75,8200,13.4,30.9,,21.2,20.40,20.40,100,,67,2.5,24.10,2.9
Drew Brees,QB,NO,vs CAR,4,25.00,8100,0,11.6,17.5,20.6,0.00,0.00,100,,62,0,,
Melvin Gordon,RB,LAC,@ DEN,9,24.75,8100,9.6,31.6,16.2,22.0,18.41,18.41,100,,42,2.3,8.10,1
Odell Beckham Jr.,WR,NYG,vs DAL,7,22.75,8000,0,12.6,15.4,16.0,0.00,0.00,100,,51,0,,
James Conner,RB,PIT,vs CIN,3,29.50,8000,4.1,33.4,1.2,20.1,15.81,15.81,100,,0,2,10.90,1.4
Philip Rivers,QB,LAC,@ DEN,1,24.75,8000,13.3,29.1,17.5,19.2,19.64,19.64,100,,65,2.5,9.04,1.1
JuJu Smith-Schuster,WR,PIT,vs CIN,19,29.50,7900,11,31.7,11.8,15.3,19.29,19.29,100,,39,2.4,12.20,1.5
Tyreek Hill,WR,KC,vs OAK,12,33.25,7800,11.4,34.4,13.9,17.6,20.56,20.56,100,,35,2.6,26.10,3.3
Zach Ertz,TE,PHI,@ WAS,11,24.00,7800,8.9,26.4,11.7,14.6,15.89,15.89,100,,33,2,3.00,0.4
Jared Goff,QB,LAR,vs SF,26,29.75,7800,13.9,35.1,17.3,19.9,22.38,22.38,100,,49,2.9,23.96,3.1
Josh Allen,QB,BUF,vs MIA,27,22.25,7700,13.1,35.9,,16.2,22.20,22.20,100,,44,2.9,41.46,5.4
Lamar Jackson,QB,BAL,vs CLE,19,23.75,7700,12.2,31.4,,9.0,19.88,19.88,100,,14,2.6,26.16,3.4
Travis Kelce,TE,KC,vs OAK,32,33.25,7700,10.5,27.5,13.0,15.6,17.34,17.34,100,,41,2.3,8.70,1.1
T.Y. Hilton,WR,IND,@ TEN,8,23.75,7700,5.3,25.8,9.2,14.9,13.50,13.50,100,,34,1.8,7.10,0.9
Tom Brady,QB,NE,vs NYJ,8,30.25,7600,13.3,31.8,20.0,17.7,20.69,20.69,100,,63,2.7,26.00,3.4
Jameis Winston,QB,TB,vs ATL,6,24.75,7600,11.3,26.8,16.4,17.9,17.50,17.50,100,,64,2.3,31.10,4.1
Mitchell Trubisky,QB,CHI,@ MIN,7,17.25,7600,10.2,34.7,11.8,20.4,19.98,19.98,100,,40,2.6,10.12,1.3
Nick Foles,QB,PHI,@ WAS,22,24.00,7600,10.7,33.2,10.4,16.0,19.69,19.69,100,,27,2.6,16.24,2.1
Keenan Allen,WR,LAC,@ DEN,2,24.75,7600,7.7,27.7,14.2,14.5,15.67,15.67,100,,40,2.1,8.40,1.1
Phillip Lindsay,RB,DEN,vs LAC,30,18.75,7600,0,10.2,,13.7,0.00,0.00,100,,50,0,,
Robert Woods,WR,LAR,vs SF,23,29.75,7600,10.8,28.3,11.8,14.6,17.76,17.76,100,,29,2.3,3.50,0.5
Sam Darnold,QB,NYJ,@ NE,12,16.25,7500,12.3,27.3,,14.7,18.33,18.33,100,,59,2.4,7.48,1
Joe Mixon,RB,CIN,@ PIT,1,15.50,7500,8.5,26,9.0,16.2,15.48,15.48,100,,44,2.1,11.20,1.5
Nick Chubb,RB,CLE,@ BAL,20,16.75,7400,6.3,30.8,,12.1,16.10,16.10,100,,19,2.2,3.00,0.4
Kirk Cousins,QB,MIN,vs CHI,24,23.25,7400,13.8,32.5,18.2,18.8,21.25,21.25,100,,60,2.9,9.98,1.3
Leonard Fournette,RB,JAC,@ HOU,25,16.25,7300,0,11.6,16.8,13.7,0.00,0.00,100,,51,0,,
Teddy Bridgewater,QB,NO,vs CAR,4,25.00,7300,10.3,29.3,-1.3,-0.2,17.90,17.90,100,,36,2.5,8.92,1.2
Dak Prescott,QB,DAL,@ NYG,32,15.75,7300,2,20.5,17.1,17.4,9.39,9.39,100,,58,1.3,33.48,4.6
Mike Evans,WR,TB,vs ATL,3,24.75,7300,9.1,27.6,11.2,14.4,16.47,16.47,100,,45,2.3,25.60,3.5
Baker Mayfield,QB,CLE,@ BAL,23,16.75,7300,13.6,25.4,,17.7,18.30,18.30,100,,73,2.5,24.04,3.3
Sony Michel,RB,NE,vs NYJ,6,30.25,7200,6.6,25.1,,10.9,14.00,14.00,100,,32,1.9,5.00,0.7
Adam Thielen,WR,MIN,vs CHI,24,23.25,7200,7.4,28.1,11.6,16.4,15.68,15.68,100,,18,2.2,5.20,0.7
Derrick Henry,RB,TEN,vs IND,29,18.75,7200,5.7,27.7,9.0,12.2,14.50,14.50,100,,6,2,11.10,1.5
Aaron Jones,RB,GB,vs DET,32,26.50,7100,0,12.6,7.6,13.2,0.00,0.00,100,,21,0,,
Julian Edelman,WR,NE,vs NYJ,10,30.25,7100,10.2,25,,13.9,16.11,16.11,100,,56,2.3,17.80,2.5
David Johnson,RB,ARI,@ SEA,2,12.75,7100,5.6,29.1,10.1,14.1,14.96,14.96,100,,43,2.1,10.30,1.5
Robby Anderson,WR,NYJ,@ NE,16,16.25,7000,6.6,24.4,10.5,9.8,13.71,13.71,100,,22,2,3.90,0.6
Case Keenum,QB,DEN,vs LAC,10,18.75,7000,8.8,25,16.0,14.4,15.28,15.28,100,,53,2.2,13.48,1.9
Brandin Cooks,WR,LAR,vs SF,23,29.75,7000,7.4,26.2,11.0,13.0,14.91,14.91,100,,40,2.1,20.70,3
Damien Williams,RB,KC,vs OAK,10,33.25,6900,11,24.7,5.0,8.3,16.49,16.49,100,,0,2.4,12.40,1.8
Jamaal Williams,RB,GB,vs DET,32,26.50,6800,8.3,28.3,9.3,6.5,16.31,16.31,100,,0,2.4,3.50,0.5
Kenny Golladay,WR,DET,@ GB,21,18.50,6800,0,9.3,7.3,11.5,0.00,0.00,100,,36,0,,
Kerryon Johnson,RB,DET,@ GB,28,18.50,6800,0,7.7,,12.3,0.00,0.00,100,,59,0,,
Ryan Tannehill,QB,MIA,@ BUF,9,17.25,6800,8.7,24.7,,14.2,15.13,15.13,100,,61,2.2,9.58,1.4
Derek Carr,QB,OAK,@ KC,25,19.25,6800,10.8,29.1,14.6,14.9,18.11,18.11,100,,54,2.7,3.40,0.5
Amari Cooper,WR,DAL,@ NYG,29,15.75,6700,0,19.7,9.6,12.5,5.43,5.43,100,,14,0.8,3.60,0.5
Doug Baldwin,WR,SEA,vs ARI,22,26.75,6700,5.5,24.8,11.7,9.4,13.20,13.20,100,,34,2,3.70,0.6
Stefon Diggs,WR,MIN,vs CHI,24,23.25,6700,6.9,26.4,12.5,14.3,14.74,14.74,100,,34,2.2,14.70,2.2
Dalvin Cook,RB,MIN,vs CHI,14,23.25,6700,8.5,26.7,15.0,12.4,15.75,15.75,100,,44,2.4,8.00,1.2
Tyler Boyd,WR,CIN,@ PIT,15,15.50,6700,0,9.6,4.6,13.1,0.00,0.00,100,,21,0,,
Jaylen Samuels,RB,PIT,vs CIN,3,29.50,6700,4.8,20.3,,8.6,10.95,10.95,100,,28,1.6,7.70,1.1
Nick Mullens,QB,SF,@ LAR,3,19.75,6700,11.7,25.2,,15.9,17.05,17.05,100,,66,2.5,22.08,3.3
George Kittle,TE,SF,@ LAR,10,19.75,6700,8.3,25.3,5.7,12.6,15.12,15.12,100,,25,2.3,25.40,3.8
Mark Ingram,RB,NO,vs CAR,15,25.00,6600,0.9,19.9,14.2,11.5,8.47,8.47,100,,45,1.3,5.30,0.8
Tyler Lockett,WR,SEA,vs ARI,22,26.75,6600,6.2,21.7,6.4,12.0,12.44,12.44,100,,27,1.9,13.90,2.1
Spencer Ware,RB,KC,vs OAK,10,33.25,6600,0,9.9,,6.3,0.00,0.00,100,,34,0,,
Tarik Cohen,RB,CHI,@ MIN,16,17.25,6600,6.3,24.5,7.7,12.5,13.56,13.56,100,,28,2.1,10.20,1.5
Jeff Driskel,QB,CIN,@ PIT,15,15.50,6600,11,22.8,,11.7,15.74,15.74,100,,60,2.4,5.10,0.8
Marcus Mariota,QB,TEN,vs IND,14,18.75,6600,0,12.8,16.1,13.1,0.00,0.00,100,,48,0,,
Matthew Stafford,QB,DET,@ GB,17,18.50,6500,9.4,25.6,17.7,13.6,15.89,15.89,100,,62,2.4,18.44,2.8
James White,RB,NE,vs NYJ,6,30.25,6500,6.8,23,8.7,14.5,13.28,13.28,100,,31,2,14.90,2.3
Eli Manning,QB,NYG,vs DAL,5,22.75,6500,10.5,28,13.4,15.4,17.50,17.50,100,,57,2.7,19.24,3
Gus Edwards,RB,BAL,vs CLE,31,23.75,6500,5.9,21.4,,8.1,12.06,12.06,100,,23,1.9,7.60,1.2
Alshon Jeffery,WR,PHI,@ WAS,32,24.00,6500,5.5,21.5,11.2,11.5,11.90,11.90,100,,47,1.8,14.40,2.2
Josh Johnson,QB,WAS,vs PHI,13,18.00,6500,18.9,18.9,,,18.87,18.87,100,,0,2.9,,
Marlon Mack,RB,IND,@ TEN,27,23.75,6500,3.7,23.2,6.6,13.8,11.45,11.45,100,,20,1.8,17.30,2.7
Lamar Miller,RB,HOU,vs JAC,18,23.25,6400,3.1,20.6,11.0,11.3,10.14,10.14,100,,43,1.6,12.60,2
Taylor Heinicke,QB,CAR,@ NO,31,18.00,6400,0,8.3,0.6,3.4,0.00,0.00,100,,0,0,,
Chris Carson,RB,SEA,vs ARI,7,26.75,6400,10.5,26.2,9.1,13.2,16.79,16.79,100,,48,2.6,19.40,3
Elijah McGuire,RB,NYJ,@ NE,5,16.25,6300,7.2,23.4,4.5,10.1,13.65,13.65,100,,0,2.2,5.50,0.9
Tevin Coleman,RB,ATL,@ TB,17,26.75,6300,5.6,22.6,10.1,11.0,12.39,12.39,100,,31,2,11.90,1.9
Adam Humphries,WR,TB,vs ATL,3,24.75,6300,6.7,19,6.1,9.4,11.60,11.60,100,,29,1.8,9.10,1.4
Larry Fitzgerald,WR,ARI,@ SEA,1,12.75,6300,3.7,21.5,12.9,9.3,10.84,10.84,100,,38,1.7,11.60,1.8
Josh Rosen,QB,ARI,@ SEA,2,12.75,6300,6.2,18.2,,9.3,10.96,10.96,100,,48,1.7,5.96,0.9
Adrian Peterson,RB,WAS,vs PHI,4,18.00,6300,4.3,24.5,7.3,11.9,12.37,12.37,100,,28,2,0.00,
Allen Robinson,WR,CHI,@ MIN,9,17.25,6200,0,11.4,2.2,9.7,0.00,0.00,100,,34,0,,
C.J. Anderson,RB,LAR,vs SF,26,29.75,6200,6.1,27.6,10.1,5.3,14.67,14.67,100,,18,2.4,22.90,3.7
Cody Kessler,QB,JAC,@ HOU,20,16.25,6100,0,8.4,1.3,8.1,0.00,0.00,100,,23,0,,
Jarvis Landry,WR,CLE,@ BAL,31,16.75,6100,5.5,19.8,12.8,10.5,11.20,11.20,100,,50,1.8,18.70,3.1
Matt Cassel,QB,DET,@ GB,17,18.50,6000,0,9.5,2.2,1.3,0.00,0.00,100,,5,0,,
Jake Rudock,QB,DET,@ GB,17,18.50,6000,0,0,0.0,,0.00,0.00,100,,0,0,,
DeShone Kizer,QB,GB,vs DET,29,26.50,6000,0,13.5,13.2,-0.5,0.00,0.00,100,,22,0,8.28,1.4
Tim Boyle,QB,GB,vs DET,29,26.50,6000,0,0,,,0.00,0.00,100,,0,0,,
Blake Bortles,QB,JAC,@ HOU,20,16.25,6000,9.2,27.5,16.3,15.0,16.52,16.52,100,,57,2.8,4.78,0.8
Brandon Weeden,QB,HOU,vs JAC,16,23.25,6000,0,8.4,,-0.1,0.00,0.00,100,,32,0,,
Joe Webb,QB,HOU,vs JAC,16,23.25,6000,0,1.7,2.9,2.3,0.00,0.00,100,,0,0,,
Tanner Lee,QB,JAC,@ HOU,20,16.25,6000,0,0,,,0.00,0.00,100,,0,0,,
Brian Hoyer,QB,NE,vs NYJ,8,30.25,6000,0,12.6,6.2,-0.1,0.00,0.00,100,,19,0,-0.30,
Josh McCown,QB,NYJ,@ NE,12,16.25,6000,0,12.6,16.5,6.2,0.00,0.00,100,,40,0,,
Davis Webb,QB,NYJ,@ NE,12,16.25,6000,0,0,,,0.00,0.00,100,,0,0,,
Danny Etling,QB,NE,vs NYJ,8,30.25,6000,0,0,,,0.00,0.00,100,,0,0,,
Cam Newton,QB,CAR,@ NO,31,18.00,6000,0,12,20.1,21.1,0.00,0.00,100,,61,0,,
Taysom Hill,QB,NO,vs CAR,4,25.00,6000,2.6,8.3,,1.8,4.86,4.86,100,,0,0.8,7.90,1.3
Kyle Allen,QB,CAR,@ NO,31,18.00,6000,9.9,9.9,,1.5,9.87,9.87,100,,0,1.6,25.02,4.2
Alex Tanney,QB,NYG,vs DAL,5,22.75,6000,0,0,,,0.00,0.00,100,,0,0,,
Cooper Rush,QB,DAL,@ NYG,32,15.75,6000,5.6,7.4,0.7,,6.30,6.30,100,,0,1.1,,
Mike White,QB,DAL,@ NYG,32,15.75,6000,0,0,,,0.00,0.00,100,,0,0,,
Kyle Lauletta,QB,NYG,vs DAL,5,22.75,6000,0,0,,-1.2,0.00,0.00,100,,0,0,,
Matt Schaub,QB,ATL,@ TB,30,26.75,6000,0,9.6,,0.3,0.00,0.00,100,,0,0,,
Ryan Fitzpatrick,QB,TB,vs ATL,6,24.75,6000,0,13.2,12.8,22.2,0.00,0.00,100,,45,0,,
Ryan Griffin,QB,TB,vs ATL,6,24.75,6000,4.8,4.8,,,4.80,4.80,100,,0,0.8,,
Kurt Benkert,QB,ATL,@ TB,30,26.75,6000,0,0,,,0.00,0.00,100,,0,0,,
Brock Osweiler,QB,MIA,@ BUF,9,17.25,6000,0,11.1,12.2,10.3,0.00,0.00,100,,36,0,,
Derek Anderson,QB,BUF,vs MIA,27,22.25,6000,0,9,0.1,5.3,0.00,0.00,100,,0,0,,
Matt Barkley,QB,BUF,vs MIA,27,22.25,6000,0,11,,17.1,0.00,0.00,100,,36,0,,
David Fales,QB,MIA,@ BUF,9,17.25,6000,0,14.1,10.2,,0.00,0.00,100,,0,0,,
Drew Stanton,QB,CLE,@ BAL,23,16.75,6000,0,10.4,11.1,,0.00,0.00,100,,0,0,,
Joe Flacco,QB,BAL,vs CLE,19,23.75,6000,0,9.5,12.4,15.9,0.00,0.00,100,,60,0,,
Robert Griffin III,QB,BAL,vs CLE,19,23.75,6000,0,9.9,,0.4,0.00,0.00,100,,35,0,,
Tyrod Taylor,QB,CLE,@ BAL,23,16.75,6000,0,11.4,14.6,10.9,0.00,0.00,100,,54,0,,
Mike Glennon,QB,ARI,@ SEA,2,12.75,6000,0,7.7,9.7,5.5,0.00,0.00,100,,57,0,,
Brett Hundley,QB,SEA,vs ARI,21,26.75,6000,0,12.3,12.4,,0.00,0.00,100,,5,0,,
Alex McGough,QB,SEA,vs ARI,21,26.75,6000,0,0,,,0.00,0.00,100,,0,0,,
Chad Henne,QB,KC,vs OAK,28,33.25,6000,0,10.7,-0.3,,0.00,0.00,100,,0,0,1.46,0.2
Jared Cook,TE,OAK,@ KC,7,19.25,6000,4.6,19.6,6.6,10.4,10.57,10.57,100,,15,1.8,4.30,0.7
Sammy Watkins,WR,KC,vs OAK,12,33.25,6000,0,12.2,8.1,9.5,0.00,0.00,100,,21,0,,
AJ McCarron,QB,OAK,@ KC,25,19.25,6000,0,9.9,1.3,0.1,0.00,0.00,100,,0,0,,
Chase Litton,QB,KC,vs OAK,28,33.25,6000,0,0,,,0.00,0.00,100,,0,0,,
Chase Daniel,QB,CHI,@ MIN,7,17.25,6000,0,9.8,-0.2,8.1,0.00,0.00,100,,0,0,,
Kyle Rudolph,TE,MIN,vs CHI,6,23.25,6000,2.9,16.4,8.0,7.7,8.30,8.30,100,,33,1.4,3.90,0.7
Trevor Siemian,QB,MIN,vs CHI,24,23.25,6000,0,10.8,12.7,,0.00,0.00,100,,45,0,,
Tyler Bray,QB,CHI,@ MIN,7,17.25,6000,0,0,-2.0,,0.00,0.00,100,,0,0,,
Jordan Howard,RB,CHI,@ MIN,16,17.25,6000,4.4,22.9,11.8,9.7,11.78,11.78,100,,38,2,23.90,4
Kyle Sloter,QB,MIN,vs CHI,24,23.25,6000,0,0,,,0.00,0.00,100,,0,0,,
Tom Savage,QB,CIN,@ PIT,15,15.50,6000,0,9,7.1,,0.00,0.00,100,,0,0,,
Connor Cook,QB,CIN,@ PIT,15,15.50,6000,0,0.3,,,0.00,0.00,100,,0,0,,
Joshua Dobbs,QB,PIT,vs CIN,18,29.50,6000,0,1.1,,0.4,0.00,0.00,100,,0,0,,
Mason Rudolph,QB,PIT,vs CIN,18,29.50,6000,0,0,,,0.00,0.00,100,,0,0,,
Colt McCoy,QB,WAS,vs PHI,13,18.00,6000,0,11.4,,10.1,0.00,0.00,100,,35,0,,
Jordan Reed,TE,WAS,vs PHI,4,18.00,6000,0,11.1,7.8,7.1,0.00,0.00,100,,26,0,,
Mark Sanchez,QB,WAS,vs PHI,13,18.00,6000,0,11.6,,1.7,0.00,0.00,100,,36,0,,
Carson Wentz,QB,PHI,@ WAS,22,24.00,6000,0,9.2,22.4,18.2,0.00,0.00,100,,66,0,,
Nate Sudfeld,QB,PHI,@ WAS,22,24.00,6000,0,5.6,3.6,0.0,0.00,0.00,100,,0,0,4.68,0.8
Geno Smith,QB,LAC,@ DEN,1,24.75,6000,0,12.2,4.8,0.2,0.00,0.00,100,,13,0,-2.20,
Garrett Grayson,QB,DEN,vs LAC,10,18.75,6000,0,0,,,0.00,0.00,100,,0,0,,
Kevin Hogan,QB,DEN,vs LAC,10,18.75,6000,0,10.8,9.7,,0.00,0.00,100,,12,0,,
Cardale Jones,QB,LAC,@ DEN,1,24.75,6000,0,0,,,0.00,0.00,100,,0,0,,
Chad Kelly,QB,DEN,vs LAC,10,18.75,6000,0,0,,-0.1,0.00,0.00,100,,0,0,,
Sean Mannion,QB,LAR,vs SF,26,29.75,6000,0,2.6,1.0,-0.1,0.00,0.00,100,,0,0,0.12,0
Brandon Allen,QB,LAR,vs SF,26,29.75,6000,0,0,,,0.00,0.00,100,,0,0,,
C.J. Beathard,QB,SF,@ LAR,3,19.75,6000,0,8,15.8,16.4,0.00,0.00,100,,67,0,,
Austin Davis,QB,TEN,vs IND,14,18.75,6000,0,10.1,-0.1,,0.00,0.00,100,,37,0,,
Blaine Gabbert,QB,TEN,vs IND,14,18.75,6000,5.3,23.3,13.5,4.1,12.45,12.45,100,,39,2.1,8.60,1.4
Jacoby Brissett,QB,IND,@ TEN,11,23.75,6000,0,10.7,13.3,-0.2,0.00,0.00,100,,32,0,,
Phillip Walker,QB,IND,@ TEN,11,23.75,6000,0,0,,,0.00,0.00,100,,0,0,,
Luke Falk,QB,MIA,@ BUF,9,17.25,6000,0,0,,,0.00,0.00,100,,0,0,,
Evan Engram,TE,NYG,vs DAL,9,22.75,5900,6.7,20.2,9.4,8.5,12.13,12.13,100,,41,2.1,18.60,3.2
Calvin Ridley,WR,ATL,@ TB,28,26.75,5900,4.4,27.4,,10.9,13.63,13.63,100,,16,2.3,11.70,2
Courtland Sutton,WR,DEN,vs LAC,5,18.75,5900,6,16.5,,7.5,10.17,10.17,100,,44,1.7,3.00,0.5
Rob Gronkowski,TE,NE,vs NYJ,5,30.25,5800,3.3,23.1,15.0,8.7,11.20,11.20,100,,42,1.9,3.40,0.6
Chris Herndon,TE,NYJ,@ NE,20,16.25,5800,2.7,14.2,,7.1,7.27,7.27,100,,35,1.3,1.30,0.2
Mohamed Sanu,WR,ATL,@ TB,28,26.75,5800,4.8,18.6,9.2,8.8,10.32,10.32,100,,32,1.8,16.90,2.9
Kenyan Drake,RB,MIA,@ BUF,12,17.25,5800,4.2,22.7,7.9,11.2,11.57,11.57,100,,1,2,12.00,2.1
Robert Foster,WR,BUF,vs MIA,18,22.25,5800,4.9,21.9,,7.6,11.72,11.72,100,,11,2,10.10,1.7
Doug Martin,RB,OAK,@ KC,13,19.25,5800,4.5,20.8,6.5,6.8,11.03,11.03,100,,27,1.9,8.60,1.5
Austin Ekeler,RB,LAC,@ DEN,9,24.75,5800,2.5,19,6.7,10.6,9.05,9.05,100,,23,1.6,11.80,2
Jeff Wilson,RB,SF,@ LAR,8,19.75,5800,7,18.7,,7.5,11.67,11.67,100,,37,2,0.90,0.2
Eric Ebron,TE,IND,@ TEN,29,23.75,5800,2.9,17.4,6.6,11.7,8.65,8.65,100,,25,1.5,14.00,2.4
Ian Thomas,TE,CAR,@ NO,22,18.00,5700,2.6,13.1,,5.4,6.83,6.83,100,,22,1.2,14.60,2.6
Nelson Agholor,WR,PHI,@ WAS,32,24.00,5700,3,16.7,9.7,7.7,8.48,8.48,100,,17,1.5,18.50,3.2
Josh Adams,RB,PHI,@ WAS,21,24.00,5700,3.6,16.8,,6.2,8.85,8.85,100,,15,1.6,9.80,1.7
Mike Williams,WR,LAC,@ DEN,2,24.75,5700,3.6,22.4,1.7,9.7,11.11,11.11,100,,0,1.9,13.90,2.4
Keke Coutee,WR,HOU,vs JAC,13,23.25,5600,0,8.7,,8.1,0.00,0.00,100,,28,0,,
Curtis Samuel,WR,CAR,@ NO,25,18.00,5600,5.2,17.9,3.2,8.6,10.25,10.25,100,,20,1.8,14.20,2.5
David Njoku,TE,CLE,@ BAL,1,16.75,5600,3.2,15.2,4.9,7.7,8.02,8.02,100,,23,1.4,7.70,1.4
Trey Burton,TE,CHI,@ MIN,23,17.25,5600,2.2,15.5,4.6,7.6,7.54,7.54,100,,0,1.3,5.80,1
Vance McDonald,TE,PIT,vs CIN,19,29.50,5600,3.9,16.9,4.4,7.3,9.13,9.13,100,,5,1.6,5.40,1
Jamison Crowder,WR,WAS,vs PHI,27,18.00,5600,5.1,19.3,8.5,8.4,10.75,10.75,100,,31,1.9,1.20,0.2
Matt Breida,RB,SF,@ LAR,8,19.75,5600,0,9.8,5.8,10.6,0.00,0.00,100,,20,0,,
Dede Westbrook,WR,JAC,@ HOU,11,16.25,5500,5.8,18.3,6.5,9.7,10.76,10.76,100,,41,2,0.50,0.1
Sterling Shepard,WR,NYG,vs DAL,7,22.75,5500,5.6,20.6,10.5,9.3,11.62,11.62,100,,38,2.1,9.60,1.7
Peyton Barber,RB,TB,vs ATL,19,24.75,5500,6.8,20.8,7.1,8.9,12.36,12.36,100,,20,2.2,7.30,1.3
C.J. Uzomah,TE,CIN,@ PIT,18,15.50,5500,4.5,12.3,2.2,5.5,7.64,7.64,100,,30,1.4,1.10,0.2
Darren Sproles,RB,PHI,@ WAS,21,24.00,5500,4.2,18,5.0,9.8,9.70,9.70,100,,37,1.8,4.60,0.8
Tim Patrick,WR,DEN,vs LAC,5,18.75,5500,3.7,14.9,,4.9,8.19,8.19,100,,8,1.5,4.80,0.9
Corey Davis,WR,TEN,vs IND,20,18.75,5500,3,20,6.1,9.6,9.75,9.75,100,,15,1.8,7.30,1.3
Jimmy Graham,TE,GB,vs DET,24,26.50,5400,0.3,16.1,8.9,6.6,6.62,6.62,100,,32,1.2,3.60,0.7
Zach Zenner,RB,DET,@ GB,28,18.50,5400,5,19.3,1.2,5.8,10.70,10.70,100,,0,2,18.80,3.5
Michael Gallup,WR,DAL,@ NYG,29,15.75,5400,2.7,13.7,,5.2,7.06,7.06,100,,15,1.3,8.50,1.6
Mike Davis,RB,SEA,vs ARI,7,26.75,5400,3,17.7,7.4,7.7,8.87,8.87,100,,0,1.6,12.60,2.3
DaeSean Hamilton,WR,DEN,vs LAC,5,18.75,5400,4.8,18.3,,5.5,10.23,10.23,100,,2,1.9,7.40,1.4
Josh Reynolds,WR,LAR,vs SF,23,29.75,5400,5.1,18.6,2.7,6.6,10.53,10.53,100,,0,2,19.50,3.6
Dante Pettis,WR,SF,@ LAR,4,19.75,5400,0,12.2,,7.5,0.00,0.00,100,,0,0,,
LeGarrette Blount,RB,DET,@ GB,28,18.50,5300,0,18.4,7.1,5.3,7.27,7.27,100,,15,1.4,1.50,0.3
Alfred Blue,RB,HOU,vs JAC,18,23.25,5300,2.6,14.8,5.1,5.6,7.48,7.48,100,,11,1.4,3.40,0.6
D'Onta Foreman,RB,HOU,vs JAC,18,23.25,5300,0.6,15.3,6.0,9.7,6.49,6.49,100,,8,1.2,,
DJ Moore,WR,CAR,@ NO,25,18.00,5300,4.2,20.2,,8.0,10.61,10.61,100,,20,2,10.10,1.9
Brian Hill,RB,ATL,@ TB,17,26.75,5300,4.4,12.6,2.8,2.7,7.68,7.68,100,,0,1.4,4.40,0.8
LeSean McCoy,RB,BUF,vs MIA,22,22.25,5300,3.7,23,14.6,7.6,11.40,11.40,100,,42,2.2,11.40,2.2
Zay Jones,WR,BUF,vs MIA,18,22.25,5300,3.9,18.2,4.0,7.5,9.62,9.62,100,,2,1.8,24.30,4.6
Keith Ford,RB,BUF,vs MIA,22,22.25,5300,4.1,4.1,,5.8,4.11,4.11,100,,0,0.8,,
Breshad Perriman,WR,CLE,@ BAL,31,16.75,5300,2.5,11.7,1.2,4.6,6.17,6.17,100,,8,1.2,12.50,2.4
David Moore,WR,SEA,vs ARI,22,26.75,5300,0.7,18.2,,6.6,7.73,7.73,100,,0,1.5,2.60,0.5
John Ross,WR,CIN,@ PIT,15,15.50,5300,3.9,15.2,-0.3,6.2,8.43,8.43,100,,8,1.6,0.60,0.1
Justin Jackson,RB,LAC,@ DEN,9,24.75,5300,1,14.5,,7.5,6.39,6.39,100,,28,1.2,1.00,0.2
TJ Jones,WR,DET,@ GB,21,18.50,5200,2.5,10.5,4.8,2.1,5.70,5.70,100,,0,1.1,17.50,3.4
Equanimeous St. Brown,WR,GB,vs DET,26,26.50,5200,0,5.9,,4.0,0.00,0.00,100,,3,0,,
DeAndre Carter,WR,HOU,vs JAC,13,23.25,5200,3.9,11.7,,2.3,7.03,7.03,100,,0,1.4,3.30,0.6
DeSean Jackson,WR,TB,vs ATL,3,24.75,5200,0,9.9,8.1,10.9,0.00,0.00,100,,35,0,,
Austin Hooper,TE,ATL,@ TB,21,26.75,5200,3.3,15.8,5.5,7.9,8.29,8.29,100,,17,1.6,9.20,1.8
Duke Johnson,RB,CLE,@ BAL,20,16.75,5200,3.1,16.1,11.2,7.0,8.28,8.28,100,,39,1.6,2.90,0.6
Jordy Nelson,WR,OAK,@ KC,30,19.25,5200,2.5,24,7.9,8.1,11.11,11.11,100,,30,2.1,12.30,2.4
Demarcus Robinson,WR,KC,vs OAK,12,33.25,5200,2.6,10.8,4.1,3.7,5.86,5.86,100,,15,1.1,15.40,3
Golden Tate,WR,PHI,@ WAS,32,24.00,5200,1.3,18.3,11.2,10.0,8.13,8.13,100,,39,1.6,5.30,1
Tyrell Williams,WR,LAC,@ DEN,2,24.75,5200,2,18.3,7.3,8.1,8.51,8.51,100,,27,1.6,3.30,0.6
Jake Kumerow,WR,GB,vs DET,26,26.50,5100,0.2,15.4,,5.6,6.26,6.26,100,,0,1.2,3.40,0.7
Chris Hogan,WR,NE,vs NYJ,10,30.25,5100,1.2,18.2,10.4,5.7,8.00,8.00,100,,11,1.6,9.40,1.8
Cordarrelle Patterson,WR,NE,vs NYJ,10,30.25,5100,0,7.1,4.4,5.7,0.00,0.00,100,,0,0,,
Jarius Wright,WR,CAR,@ NO,25,18.00,5100,1.7,12,3.9,4.9,5.83,5.83,100,,15,1.1,3.00,0.6
Jacquizz Rodgers,RB,TB,vs ATL,19,24.75,5100,1.1,12.6,2.8,4.5,5.71,5.71,100,,0,1.1,1.00,0.2
Chris Godwin,WR,TB,vs ATL,3,24.75,5100,4.7,18.7,5.0,8.6,10.25,10.25,100,,18,2,26.40,5.2
Isaiah McKenzie,WR,BUF,vs MIA,18,22.25,5100,3.7,14.4,0.1,6.2,7.98,7.98,100,,0,1.6,0.00,
Kalen Ballage,RB,MIA,@ BUF,12,17.25,5100,4.3,18.1,,3.0,9.83,9.83,100,,0,1.9,3.30,0.6
Kenneth Dixon,RB,BAL,vs CLE,31,23.75,5100,5,17.5,,7.8,9.98,9.98,100,,32,2,12.40,2.4
Josh Doctson,WR,WAS,vs PHI,27,18.00,5100,3.5,12.8,6.8,5.9,7.20,7.20,100,,40,1.4,4.30,0.8
Dallas Goedert,TE,PHI,@ WAS,11,24.00,5100,0.8,14.1,,5.4,6.14,6.14,100,,2,1.2,4.20,0.8
Marquise Goodwin,WR,SF,@ LAR,4,19.75,5100,0,9.2,8.8,6.9,0.00,0.00,100,,0,0,,
Pierre Garcon,WR,SF,@ LAR,4,19.75,5100,0,7.4,8.8,5.8,0.00,0.00,100,,44,0,,
Chester Rogers,WR,IND,@ TEN,8,23.75,5100,1.2,12.9,4.7,5.7,5.85,5.85,100,,0,1.1,4.70,0.9
Randall Cobb,WR,GB,vs DET,26,26.50,5000,0.7,18,9.0,8.0,7.61,7.61,100,,38,1.5,3.20,0.6
Marquez Valdes-Scantling,WR,GB,vs DET,26,26.50,5000,1.6,14.3,,5.7,6.68,6.68,100,,11,1.3,5.80,1.2
Texans,DST,HOU,vs JAC,28,16.25,5000,5.8,21.6,5.1,8.8,12.10,12.10,100,,20,2.4,14.00,2.8
Rex Burkhead,RB,NE,vs NYJ,6,30.25,5000,1.9,16.7,10.2,4.7,7.81,7.81,100,,0,1.6,9.70,1.9
Cole Beasley,WR,DAL,@ NYG,29,15.75,5000,1.5,16,4.9,6.6,7.26,7.26,100,,12,1.5,18.40,3.7
Willie Snead,WR,BAL,vs CLE,17,23.75,5000,1.9,16.1,1.5,7.7,7.56,7.56,100,,28,1.5,3.00,0.6
Rashard Higgins,WR,CLE,@ BAL,31,16.75,5000,2.2,14.9,3.9,7.3,7.25,7.25,100,,0,1.5,10.60,2.1
Christian Kirk,WR,ARI,@ SEA,1,12.75,5000,0,7.2,,8.5,0.00,0.00,100,,44,0,,
Rashaad Penny,RB,SEA,vs ARI,7,26.75,5000,1.1,13.1,,5.4,5.93,5.93,100,,11,1.2,0.60,0.1
Martavis Bryant,WR,OAK,@ KC,30,19.25,5000,0,10.8,7.6,5.2,0.00,0.00,100,,29,0,,
Seth Roberts,WR,OAK,@ KC,30,19.25,5000,3.3,14.3,4.6,5.7,7.66,7.66,100,,19,1.5,5.20,1
Latavius Murray,RB,MIN,vs CHI,14,23.25,5000,1.1,19.1,9.3,7.9,8.26,8.26,100,,27,1.7,1.80,0.4
Jesse James,TE,PIT,vs CIN,19,29.50,5000,0,11.3,5.2,5.3,4.38,4.38,100,,6,0.9,0.00,
Eli Rogers,WR,PIT,vs CIN,19,29.50,5000,0,10.8,2.7,3.4,4.05,4.05,100,,12,0.8,8.80,1.8
Chris Thompson,RB,WAS,vs PHI,4,18.00,5000,1.7,17.2,13.2,7.4,7.87,7.87,100,,25,1.6,4.90,1
Dion Lewis,RB,TEN,vs IND,29,18.75,5000,1.1,18.6,11.5,8.5,8.10,8.10,100,,33,1.6,3.80,0.8
Nyheim Hines,RB,IND,@ TEN,27,23.75,5000,1.9,14.4,,8.3,6.90,6.90,100,,40,1.4,4.40,0.9
Ted Ginn Jr.,WR,NO,vs CAR,6,25.00,4900,0,9.9,9.7,8.8,0.00,0.00,100,,13,0,,
Cameron Brate,TE,TB,vs ATL,30,24.75,4900,4.2,18,7.4,5.2,9.70,9.70,100,,19,2,4.90,1
Kenny Stills,WR,MIA,@ BUF,14,17.25,4900,2.6,19.1,9.1,7.7,9.24,9.24,100,,20,1.9,8.32,1.7
Mark Andrews,TE,BAL,vs CLE,15,23.75,4900,2.6,11.6,,5.5,6.16,6.16,100,,35,1.3,7.40,1.5
Chase Edmonds,RB,ARI,@ SEA,2,12.75,4900,0,11.4,,3.4,4.17,4.17,100,,0,0.9,2.80,0.6
Antonio Gates,TE,LAC,@ DEN,14,24.75,4900,0,15.7,4.0,4.4,5.47,5.47,100,,15,1.1,0.00,
Garrett Celek,TE,SF,@ LAR,10,19.75,4900,0,6.6,5.2,3.9,0.00,0.00,100,,8,0,,
Kendrick Bourne,WR,SF,@ LAR,4,19.75,4900,5.1,13.6,3.4,5.3,8.52,8.52,100,,24,1.7,14.40,2.9
Taywan Taylor,WR,TEN,vs IND,20,18.75,4900,3.7,13.5,2.4,5.6,7.60,7.60,100,,0,1.6,1.80,0.4
Bruce Ellington,WR,DET,@ GB,21,18.50,4800,0,6.5,5.6,6.3,0.00,0.00,100,,0,0,,
Theo Riddick,RB,DET,@ GB,28,18.50,4800,4.7,18.4,8.0,6.4,10.17,10.17,100,,33,2.1,2.40,0.5
Donte Moncrief,WR,JAC,@ HOU,11,16.25,4800,2.6,18.1,5.3,6.9,8.78,8.78,100,,14,1.8,3.10,0.6
Benjamin Watson,TE,NO,vs CAR,17,25.00,4800,0,13.5,6.7,5.5,5.23,5.23,100,,11,1.1,3.90,0.8
Keith Kirkwood,WR,NO,vs CAR,6,25.00,4800,3.2,7.9,,5.6,5.06,5.06,100,,66,1.1,,
Ito Smith,RB,ATL,@ TB,17,26.75,4800,0,5.1,,6.5,0.00,0.00,100,,48,0,,
Brandon Bolden,RB,MIA,@ BUF,12,17.25,4800,0,10.4,4.2,6.6,3.50,3.50,100,,0,0.7,1.40,0.3
Antonio Callaway,WR,CLE,@ BAL,31,16.75,4800,2.6,15.4,,6.3,7.70,7.70,100,,19,1.6,15.90,3.3
Jaron Brown,WR,SEA,vs ARI,22,26.75,4800,0,11.2,5.8,5.8,4.46,4.46,100,,0,0.9,1.20,0.3
Nick Vannett,TE,SEA,vs ARI,2,26.75,4800,1,9.5,3.1,4.1,4.36,4.36,100,,0,0.9,2.70,0.6
Jalen Richard,RB,OAK,@ KC,13,19.25,4800,5.5,17,4.5,8.0,10.10,10.10,100,,26,2.1,2.80,0.6
Taylor Gabriel,WR,CHI,@ MIN,9,17.25,4800,3.1,16.9,3.9,7.4,8.61,8.61,100,,7,1.8,8.10,1.7
Taquan Mizzell,RB,CHI,@ MIN,16,17.25,4800,0,4.7,,2.4,0.00,0.00,100,,0,0,,
Anthony Miller,WR,CHI,@ MIN,9,17.25,4800,2.8,15.5,,7.4,7.86,7.86,100,,31,1.6,0.70,0.1
Ryan Switzer,WR,PIT,vs CIN,19,29.50,4800,1.2,8.2,0.7,3.4,4.02,4.02,100,,0,0.8,0.70,0.1
Vernon Davis,TE,WAS,vs PHI,4,18.00,4800,0,6.8,6.3,4.9,0.00,0.00,100,,12,0,,
Rams,DST,LAR,vs SF,31,19.75,4800,4.9,23.2,9.5,8.9,12.23,12.23,100,,13,2.5,16.00,3.3
Gerald Everett,TE,LAR,vs SF,26,29.75,4800,3.2,13.5,3.2,5.0,7.33,7.33,100,,0,1.5,0.00,
Carlos Hyde,RB,JAC,@ HOU,25,16.25,4700,0,16.4,12.8,7.0,5.27,5.27,100,,24,1.1,2.90,0.6
Jermaine Kearse,WR,NYJ,@ NE,16,16.25,4700,0,8.6,9.0,4.7,0.00,0.00,100,,15,0,,
Devin Funchess,WR,CAR,@ NO,25,18.00,4700,0,8.6,10.2,7.2,0.00,0.00,100,,21,0,,
Austin Carr,WR,NO,vs CAR,6,25.00,4700,0,3.9,,3.3,0.00,0.00,100,,21,0,0.00,
Corey Coleman,WR,NYG,vs DAL,7,22.75,4700,0,12,6.0,1.4,3.44,3.44,100,,0,0.7,0.00,
Danny Amendola,WR,MIA,@ BUF,14,17.25,4700,1,15.8,9.4,6.7,6.92,6.92,100,,11,1.5,4.60,1
Marcus Murphy,RB,BUF,vs MIA,22,22.25,4700,0,4.1,5.8,3.3,0.00,0.00,100,,0,0,,
John Brown,WR,BAL,vs CLE,17,23.75,4700,1.4,16.4,5.9,8.1,7.38,7.38,100,,25,1.6,1.20,0.3
Michael Crabtree,WR,BAL,vs CLE,17,23.75,4700,0.7,17.2,11.0,6.8,7.27,7.27,100,,33,1.5,3.00,0.6
Ravens,DST,BAL,vs CLE,26,16.75,4700,4.5,22.5,12.1,7.7,11.65,11.65,100,,13,2.5,6.00,1.3
Seahawks,DST,SEA,vs ARI,3,12.75,4700,7.8,21.8,8.9,7.1,13.43,13.43,100,,33,2.9,10.00,2.1
Ricky Seals-Jones,TE,ARI,@ SEA,28,12.75,4700,0,7.2,5.5,3.8,0.00,0.00,100,,0,0,,
Kelvin Benjamin,WR,KC,vs OAK,12,33.25,4700,0,14.2,7.5,3.9,4.56,4.56,100,,26,1,1.40,0.3
Chris Conley,WR,KC,vs OAK,12,33.25,4700,3.9,13.9,4.6,5.4,7.88,7.88,100,,17,1.7,0.00,
Stevan Ridley,RB,PIT,vs CIN,3,29.50,4700,0,7.2,8.4,1.5,0.00,0.00,100,,0,0,,
Cody Core,WR,CIN,@ PIT,15,15.50,4700,2.7,11.2,0.0,3.4,6.05,6.05,100,,3,1.3,0.00,
Paul Richardson,WR,WAS,vs PHI,27,18.00,4700,0,7.1,8.0,7.0,0.00,0.00,100,,20,0,,
Wendell Smallwood,RB,PHI,@ WAS,21,24.00,4700,1.8,16,5.0,7.8,7.48,7.48,100,,0,1.6,9.70,2.1
Matt LaCosse,TE,DEN,vs LAC,25,18.75,4700,2,9.5,0.0,3.1,4.98,4.98,100,,0,1.1,5.80,1.2
Royce Freeman,RB,DEN,vs LAC,30,18.75,4700,7.5,17.5,,6.2,11.51,11.51,100,,35,2.4,14.30,3
Trent Taylor,WR,SF,@ LAR,4,19.75,4700,1.7,11.2,5.0,3.1,5.48,5.48,100,,7,1.2,5.20,1.1
Zach Pascal,WR,IND,@ TEN,8,23.75,4700,0,7.7,,4.4,0.00,0.00,100,,0,0,0.00,
Anthony Firkser,TE,TEN,vs IND,13,18.75,4700,0,8.4,,4.6,3.25,3.25,100,,26,0.7,1.30,0.3
Kapri Bibbs,RB,GB,vs DET,32,26.50,4600,0,7.7,11.2,5.6,0.00,0.00,100,,4,0,3.00,0.7
T.J. Yeldon,RB,JAC,@ HOU,25,16.25,4600,0,8.6,7.7,10.4,0.00,0.00,100,,38,0,,
Keelan Cole,WR,JAC,@ HOU,11,16.25,4600,0,16,6.4,5.3,6.37,6.37,100,,0,1.4,6.50,1.4
Vyncint Smith,WR,HOU,vs JAC,13,23.25,4600,0,9.1,,4.4,2.80,2.80,100,,5,0.6,4.30,0.9
Jordan Thomas,TE,HOU,vs JAC,8,23.25,4600,0,12.2,,4.2,4.87,4.87,100,,0,1.1,1.10,0.2
James Develin,RB,NE,vs NYJ,6,30.25,4600,0,5.4,1.2,2.8,0.00,0.00,100,,0,0,0.70,0.2
Quincy Enunwa,WR,NYJ,@ NE,16,16.25,4600,0,7.5,,6.2,0.00,0.00,100,,24,0,,
Phillip Dorsett,WR,NE,vs NYJ,10,30.25,4600,0.5,10,2.9,5.2,4.27,4.27,100,,12,0.9,13.50,2.9
Trenton Cannon,RB,NYJ,@ NE,5,16.25,4600,1.9,8.4,,3.9,4.48,4.48,100,,33,1,1.60,0.3
Torrey Smith,WR,CAR,@ NO,25,18.00,4600,0,9.3,5.3,5.9,0.00,0.00,100,,10,0,0.00,
Travaris Cadet,RB,CAR,@ NO,23,18.00,4600,0,5.4,4.2,,0.00,0.00,100,,23,0,2.70,0.6
Tommylee Lewis,WR,NO,vs CAR,6,25.00,4600,0,4.1,1.4,2.0,0.00,0.00,100,,0,0,2.30,0.5
Tre'Quan Smith,WR,NO,vs CAR,6,25.00,4600,0,21.2,,6.4,7.67,7.67,100,,0,1.7,10.50,2.3
Russell Shepard,WR,NYG,vs DAL,7,22.75,4600,0,5.6,2.8,5.1,0.00,0.00,100,,0,0,,
Bennie Fowler,WR,NYG,vs DAL,7,22.75,4600,1.1,10.1,4.8,3.4,4.71,4.71,100,,0,1,3.60,0.8
Wayne Gallman,RB,NYG,vs DAL,24,22.75,4600,0,9.3,6.8,2.3,3.57,3.57,100,,17,0.8,9.50,2.1
Justin Hardy,WR,ATL,@ TB,28,26.75,4600,0,7.6,4.2,2.2,2.67,2.67,100,,3,0.6,0.00,
Brice Butler,WR,MIA,@ BUF,14,17.25,4600,0.7,10.7,4.8,3.0,4.69,4.69,100,,0,1,,
Deonte Thompson,WR,BUF,vs MIA,18,22.25,4600,0,6.8,5.3,1.9,0.00,0.00,100,,0,0,,
DeVante Parker,WR,MIA,@ BUF,14,17.25,4600,1.4,15.1,7.8,4.9,6.87,6.87,100,,29,1.5,0.00,
Darren Fells,TE,CLE,@ BAL,1,16.75,4600,0,6,3.2,4.9,0.00,0.00,100,,0,0,0.80,0.2
J.J. Nelson,WR,ARI,@ SEA,1,12.75,4600,0,9.6,4.9,1.1,0.00,0.00,100,,0,0,,
Marcell Ateman,WR,OAK,@ KC,30,19.25,4600,4.8,10.3,,5.5,6.98,6.98,100,,60,1.5,1.20,0.3
Aldrick Robinson,WR,MIN,vs CHI,24,23.25,4600,2.3,13.3,3.4,4.7,6.67,6.67,100,,0,1.5,0.00,
Laquon Treadwell,WR,MIN,vs CHI,24,23.25,4600,0,3.5,2.1,3.8,0.00,0.00,100,,15,0,1.20,0.3
Giovani Bernard,RB,CIN,@ PIT,1,15.50,4600,0,15.1,8.1,6.9,5.75,5.75,100,,35,1.3,2.50,0.5
Steelers,DST,PIT,vs CIN,2,15.50,4600,5.5,19.7,7.9,7.0,11.17,11.17,100,,24,2.4,8.00,1.7
Mark Walton,RB,CIN,@ PIT,1,15.50,4600,0,2.3,,1.7,0.00,0.00,100,,12,0,,
James Washington,WR,PIT,vs CIN,19,29.50,4600,3.3,10.3,,2.5,6.13,6.13,100,,0,1.3,7.90,1.7
Jordan Matthews,WR,PHI,@ WAS,32,24.00,4600,0,10.2,4.5,4.7,0.00,0.00,100,,23,0,,
Corey Clement,RB,PHI,@ WAS,21,24.00,4600,0,9.2,6.8,6.4,0.00,0.00,100,,8,0,,
Travis Benjamin,WR,LAC,@ DEN,2,24.75,4600,0,15.9,7.1,3.1,6.03,6.03,100,,0,1.3,1.10,0.2
Detrez Newsome,RB,LAC,@ DEN,9,24.75,4600,0,4.1,,2.6,0.00,0.00,100,,0,0,,
Kyle Juszczyk,RB,SF,@ LAR,8,19.75,4600,1.3,9.8,,3.7,4.70,4.70,100,,8,1,0.90,0.2
Nick Williams,WR,LAR,vs SF,23,29.75,4600,0,4.2,2.3,0.7,0.00,0.00,100,,0,0,,
Malcolm Brown,RB,LAR,vs SF,26,29.75,4600,0,3.9,3.5,3.7,0.00,0.00,100,,10,0,,
Richie James,WR,SF,@ LAR,4,19.75,4600,0.6,7.4,,1.5,3.34,3.34,100,,0,0.7,10.70,2.3
Dontrelle Inman,WR,IND,@ TEN,8,23.75,4600,0,13.4,5.3,6.6,5.15,5.15,100,,24,1.1,16.20,3.5
MyCole Pruitt,TE,TEN,vs IND,13,18.75,4600,0.7,6.2,,2.9,2.85,2.85,100,,0,0.6,3.60,0.8
Tajae Sharpe,WR,TEN,vs IND,20,18.75,4600,0,10.4,,4.5,3.45,3.45,100,,6,0.8,0.00,
Jordan Wilkins,RB,IND,@ TEN,27,23.75,4600,0,4.1,,4.1,0.00,0.00,100,,34,0,2.80,0.6
Deontay Burnett,WR,NYJ,@ NE,16,16.25,4600,0,5.1,,2.4,0.00,0.00,100,,0,0,9.80,2.1
Ronald Jones,RB,TB,vs ATL,19,24.75,4600,0.6,8.6,,2.9,3.82,3.82,100,,0,0.8,,
Cameron Batson,WR,TEN,vs IND,20,18.75,4600,0,2.3,,1.5,0.00,0.00,100,,0,0,,
Tra Carson,RB,GB,vs DET,32,26.50,4500,0,0,,0.0,0.00,0.00,100,,0,0,,
Andy Jones,WR,DET,@ GB,21,18.50,4500,0.9,8.2,,2.9,3.81,3.81,100,,0,0.8,8.00,1.8
Geronimo Allison,WR,GB,vs DET,26,26.50,4500,0,8.1,2.9,10.5,0.00,0.00,100,,0,0,,
Joe Kerridge,RB,GB,vs DET,32,26.50,4500,0,0,,,0.00,0.00,100,,0,0,,
Nick Bellore,RB,DET,@ GB,28,18.50,4500,0,0,0.0,,0.00,0.00,100,,0,0,,
Chris Lacy,WR,DET,@ GB,21,18.50,4500,0,0,,,0.00,0.00,100,,0,0,0.00,
Brandon Powell,WR,DET,@ GB,21,18.50,4500,1.6,4.3,,1.1,2.65,2.65,100,,0,0.6,13.30,3
J'Mon Moore,WR,GB,vs DET,26,26.50,4500,1.9,5.4,,-0.2,3.30,3.30,100,,0,0.7,1.00,0.2
Lavon Coleman,RB,GB,vs DET,32,26.50,4500,0,0,,,0.00,0.00,100,,0,0,,
Allen Lazard,WR,GB,vs DET,26,26.50,4500,0,0,,,0.00,0.00,100,,0,0,1.20,0.3
Tommy Bohanon,RB,JAC,@ HOU,25,16.25,4500,0,1.4,,0.9,0.00,0.00,100,,0,0,,
Rashad Greene,WR,JAC,@ HOU,11,16.25,4500,0,4.7,,1.0,0.00,0.00,100,,0,0,,
Sammie Coates,WR,HOU,vs JAC,13,23.25,4500,0,9.3,2.0,0.9,0.00,0.00,100,,0,0,,
Josh Ferguson,RB,HOU,vs JAC,18,23.25,4500,0,3.3,0.9,,0.00,0.00,100,,0,0,,
Jaydon Mickens,WR,JAC,@ HOU,11,16.25,4500,0,7.2,2.1,0.0,0.00,0.00,100,,0,0,,
Amba Etta-Tawo,WR,HOU,vs JAC,13,23.25,4500,0,0,,,0.00,0.00,100,,0,0,,
Isaac Whitney,WR,HOU,vs JAC,13,23.25,4500,0,0,0.0,,0.00,0.00,100,,0,0,,
Buddy Howell,RB,HOU,vs JAC,18,23.25,4500,0,0,,0.0,0.00,0.00,100,,0,0,,
David Williams,RB,JAC,@ HOU,25,16.25,4500,0.8,4.5,,1.7,2.26,2.26,100,,0,0.5,0.20,0
Jester Weah,WR,HOU,vs JAC,13,23.25,4500,0,0,,,0.00,0.00,100,,0,0,,
D.J. Chark,WR,JAC,@ HOU,11,16.25,4500,0,4.4,,2.5,0.00,0.00,100,,0,0,0.00,
Steven Mitchell,WR,HOU,vs JAC,13,23.25,4500,0,0,,,0.00,0.00,100,,0,0,,
Andre Roberts,WR,NYJ,@ NE,16,16.25,4500,0.8,8.5,0.0,1.8,3.85,3.85,100,,0,0.9,4.30,1
Rishard Matthews,WR,NYJ,@ NE,16,16.25,4500,0,9.6,8.5,0.8,0.00,0.00,100,,19,0,,
Matt Slater,WR,NE,vs NYJ,10,30.25,4500,0,1.1,,,0.00,0.00,100,,0,0,,
Charone Peake,WR,NYJ,@ NE,16,16.25,4500,0,2.6,0.8,1.2,0.00,0.00,100,,23,0,,
Riley McCarron,WR,NE,vs NYJ,10,30.25,4500,0,0,,-2.0,0.00,0.00,100,,0,0,,
De'Angelo Henderson,RB,NYJ,@ NE,5,16.25,4500,0,7.4,4.0,,0.00,0.00,100,,0,0,,
Joel Bouagnon,RB,NYJ,@ NE,5,16.25,4500,0,0,,,0.00,0.00,100,,0,0,,
Mark Thompson,RB,NYJ,@ NE,5,16.25,4500,0,0,,,0.00,0.00,100,,0,0,,
Damoun Patterson,WR,NE,vs NYJ,10,30.25,4500,0,0,,,0.00,0.00,100,,0,0,,
Brandon Marshall,WR,NO,vs CAR,6,25.00,4500,0,12.3,1.4,4.2,0.00,0.00,100,,10,0,,
Brandon Tate,WR,NO,vs CAR,6,25.00,4500,0,4.1,1.2,0.0,0.00,0.00,100,,0,0,,
Greg Olsen,TE,CAR,@ NO,22,18.00,4500,0,10.1,6.8,7.4,0.00,0.00,100,,34,0,,
Saints,DST,NO,vs CAR,4,18.00,4500,3.6,19.1,8.8,7.5,9.79,9.79,100,,0,2.2,0.00,
Cameron Meredith,WR,NO,vs CAR,6,25.00,4500,0,10.1,,6.6,0.00,0.00,100,,16,0,,
DeAndrew White,WR,CAR,@ NO,25,18.00,4500,0,2.1,1.5,,0.00,0.00,100,,0,0,,
Kenjon Barner,RB,CAR,@ NO,23,18.00,4500,0,3.8,1.2,0.9,0.00,0.00,100,,0,0,,
Damiere Byrd,WR,CAR,@ NO,25,18.00,4500,0,6.6,4.3,0.2,0.00,0.00,100,,0,0,,
Cameron Artis-Payne,RB,CAR,@ NO,23,18.00,4500,0,14.1,3.2,1.0,5.59,5.59,100,,0,1.2,12.80,2.8
Shane Wynn,WR,NO,vs CAR,6,25.00,4500,0,1.5,,,0.00,0.00,100,,0,0,,
Zach Line,RB,NO,vs CAR,15,25.00,4500,0,4.2,,1.8,0.00,0.00,100,,0,0,1.90,0.4
Dwayne Washington,RB,NO,vs CAR,15,25.00,4500,4.1,9.4,1.4,1.5,6.20,6.20,100,,28,1.4,10.80,2.4
Mose Frazier,WR,CAR,@ NO,25,18.00,4500,0,0,,,0.00,0.00,100,,0,0,,
Alex Armah,RB,CAR,@ NO,23,18.00,4500,0,0,,,0.00,0.00,100,,0,0,,
Reggie Bonnafon,RB,CAR,@ NO,23,18.00,4500,0,0,,,0.00,0.00,100,,0,0,,
Allen Hurns,WR,DAL,@ NYG,29,15.75,4500,0,13.5,7.1,3.8,3.45,3.45,100,,17,0.8,5.40,1.2
Cody Latimer,WR,NYG,vs DAL,7,22.75,4500,1.8,10.6,4.7,3.1,5.32,5.32,100,,0,1.2,15.20,3.4
Jamize Olawale,RB,DAL,@ NYG,11,15.75,4500,0,0.8,,0.8,0.00,0.00,100,,38,0,0.00,
Tavon Austin,WR,DAL,@ NYG,29,15.75,4500,0,9.2,2.6,5.7,0.00,0.00,100,,9,0,1.50,0.3
Terrance Williams,WR,DAL,@ NYG,29,15.75,4500,0,8.3,5.3,1.4,0.00,0.00,100,,25,0,,
Geoff Swaim,TE,DAL,@ NYG,31,15.75,4500,0,4.2,1.8,5.4,0.00,0.00,100,,18,0,,
Rod Smith,RB,DAL,@ NYG,11,15.75,4500,8.4,11.7,,1.4,9.74,9.74,100,,0,2.2,11.90,2.6
Elijhaa Penny,RB,NYG,vs DAL,24,22.75,4500,0,4.1,4.3,1.3,0.00,0.00,100,,0,0,1.10,0.2
Jhurell Pressley,RB,NYG,vs DAL,24,22.75,4500,0,0,,,0.00,0.00,100,,0,0,,
Darius Jackson,RB,DAL,@ NYG,11,15.75,4500,0,0,,0.0,0.00,0.00,100,,0,0,1.60,0.4
Alonzo Russell,WR,NYG,vs DAL,7,22.75,4500,0,0,,,0.00,0.00,100,,0,0,,
Kalif Raymond,WR,NYG,vs DAL,7,22.75,4500,0,1.4,-0.1,,0.00,0.00,100,,0,0,,
Lance Lenoir,WR,DAL,@ NYG,29,15.75,4500,0,0,,,0.00,0.00,100,,0,0,,
Noah Brown,WR,DAL,@ NYG,29,15.75,4500,0,1.4,0.8,1.8,0.00,0.00,100,,18,0,0.80,0.2
Blake Jarwin,TE,DAL,@ NYG,31,15.75,4500,1.2,8,,2.4,3.90,3.90,100,,0,0.9,33.40,7.4
Reggie Davis,WR,DAL,@ NYG,29,15.75,4500,0,0,,,0.00,0.00,100,,0,0,,
Stacy Coley,WR,NYG,vs DAL,7,22.75,4500,0,0,0.0,0.0,0.00,0.00,100,,0,0,,
Jordan Chunn,RB,DAL,@ NYG,11,15.75,4500,0,0,,,0.00,0.00,100,,0,0,,
Jawill Davis,WR,NYG,vs DAL,7,22.75,4500,0,2.1,,0.9,0.00,0.00,100,,0,0,,
Robert Martin,RB,NYG,vs DAL,24,22.75,4500,0,0,,,0.00,0.00,100,,0,0,,
Quadree Henderson,WR,NYG,vs DAL,7,22.75,4500,0,0,,0.0,0.00,0.00,100,,0,0,,
Devonta Freeman,RB,ATL,@ TB,17,26.75,4500,0,14,13.0,5.8,0.00,0.00,100,,28,0,,
Jeremy Langford,RB,ATL,@ TB,17,26.75,4500,0,11,,,0.00,0.00,100,,1,0,,
Bernard Reedy,WR,TB,vs ATL,3,24.75,4500,0,1.1,0.4,,0.00,0.00,100,,0,0,,
Marvin Hall,WR,ATL,@ TB,28,26.75,4500,0,5.6,2.2,2.0,0.00,0.00,100,,0,0,0.00,
Dare Ogunbowale,RB,TB,vs ATL,19,24.75,4500,0,0,,0.0,0.00,0.00,100,,0,0,,
Ricky Ortiz,RB,ATL,@ TB,17,26.75,4500,0,1.1,,0.9,0.00,0.00,100,,22,0,,
Bobo Wilson,WR,TB,vs ATL,3,24.75,4500,0,4.4,3.0,1.7,0.00,0.00,100,,0,0,2.10,0.5
Russell Gage,WR,ATL,@ TB,28,26.75,4500,0,2.4,,1.7,0.00,0.00,100,,6,0,2.40,0.5
Devin Gray,WR,ATL,@ TB,28,26.75,4500,0,0,,,0.00,0.00,100,,0,0,,
Donnie Ernsberger,RB,TB,vs ATL,19,24.75,4500,0,0,,,0.00,0.00,100,,0,0,,
Chris Ivory,RB,BUF,vs MIA,22,22.25,4500,0,11.4,5.0,5.2,2.25,2.25,100,,24,0.5,9.60,2.1
Frank Gore,RB,MIA,@ BUF,12,17.25,4500,0,8,9.9,6.9,0.00,0.00,100,,47,0,,
Patrick DiMarco,RB,BUF,vs MIA,22,22.25,4500,0,2.4,,1.7,0.00,0.00,100,,6,0,,
Senorise Perry,RB,MIA,@ BUF,12,17.25,4500,0,0.9,0.8,0.0,0.00,0.00,100,,0,0,0.00,
Terrelle Pryor,WR,BUF,vs MIA,18,22.25,4500,0,10.1,5.0,5.6,0.00,0.00,100,,14,0,,
Leonte Carroo,WR,MIA,@ BUF,14,17.25,4500,0,6.6,2.6,8.9,0.00,0.00,100,,0,0,0.00,
Taiwan Jones,RB,BUF,vs MIA,22,22.25,4500,0,1.2,0.8,0.0,0.00,0.00,100,,0,0,,
Jakeem Grant,WR,MIA,@ BUF,14,17.25,4500,0,7.4,2.5,6.2,0.00,0.00,100,,0,0,,
Malcolm Lewis,WR,MIA,@ BUF,14,17.25,4500,0,0,,,0.00,0.00,100,,0,0,,
Francis Owusu,WR,MIA,@ BUF,14,17.25,4500,0,0,,,0.00,0.00,100,,0,0,,
Isaiah Ford,WR,MIA,@ BUF,14,17.25,4500,0,0,,0.0,0.00,0.00,100,,0,0,,
Victor Bolden Jr.,WR,BUF,vs MIA,18,22.25,4500,0,0.8,0.0,0.8,0.00,0.00,100,,0,0,0.00,
Ray-Ray McCloud,WR,BUF,vs MIA,18,22.25,4500,0,1.5,,0.5,0.00,0.00,100,,0,0,1.00,0.2
Cam Phillips,WR,BUF,vs MIA,18,22.25,4500,0,0,,1.4,0.00,0.00,100,,0,0,,
Da'Mari Scott,WR,BUF,vs MIA,18,22.25,4500,0,0,,,0.00,0.00,100,,0,0,,
Ty Montgomery,RB,BAL,vs CLE,31,23.75,4500,0,10.7,10.0,4.7,0.00,0.00,100,,3,0,2.70,0.6
Javorius Allen,RB,BAL,vs CLE,31,23.75,4500,0,9.5,8.9,6.9,0.00,0.00,100,,17,0,,
Tyler Ervin,RB,BAL,vs CLE,31,23.75,4500,0,2,2.3,0.6,0.00,0.00,100,,0,0,,
Chris Moore,WR,BAL,vs CLE,17,23.75,4500,0,4.2,4.2,2.4,0.00,0.00,100,,0,0,2.90,0.6
Tim White,WR,BAL,vs CLE,17,23.75,4500,0,1.4,,0.6,0.00,0.00,100,,0,0,,
Devante Mays,RB,CLE,@ BAL,20,16.75,4500,0,2.9,-0.2,,0.00,0.00,100,,0,0,,
Patrick Ricard,RB,BAL,vs CLE,31,23.75,4500,0,0,0.0,,0.00,0.00,100,,0,0,,
Jordan Lasley,WR,BAL,vs CLE,17,23.75,4500,0,0,,,0.00,0.00,100,,0,0,,
Janarion Grant,WR,BAL,vs CLE,17,23.75,4500,0,0,,0.0,0.00,0.00,100,,0,0,,
De'Lance Turner,RB,BAL,vs CLE,31,23.75,4500,0,0.5,,1.6,0.00,0.00,100,,0,0,,
Christopher Ezeala,RB,BAL,vs CLE,31,23.75,4500,0,0,,,0.00,0.00,100,,0,0,,
Dontrell Hilliard,RB,CLE,@ BAL,20,16.75,4500,0,2.9,,1.4,0.00,0.00,100,,0,0,,
Damion Ratley,WR,CLE,@ BAL,31,16.75,4500,0,5.4,,4.2,0.00,0.00,100,,14,0,,
Derrick Willies,WR,CLE,@ BAL,31,16.75,4500,0,0,,7.6,0.00,0.00,100,,0,0,,
Derrick Coleman,RB,ARI,@ SEA,2,12.75,4500,0,3.9,,0.6,0.00,0.00,100,,0,0,,
Ed Dickson,TE,SEA,vs ARI,2,26.75,4500,0.6,9.8,4.4,4.8,4.25,4.25,100,,0,0.9,0.90,0.2
C.J. Prosise,RB,SEA,vs ARI,7,26.75,4500,0,9.2,3.5,1.7,0.00,0.00,100,,0,0,,
Tre Madden,RB,SEA,vs ARI,7,26.75,4500,0,0,,,0.00,0.00,100,,0,0,,
Brandon Wilds,RB,ARI,@ SEA,2,12.75,4500,0,2,,0.5,0.00,0.00,100,,0,0,,
Daniel Braverman,WR,ARI,@ SEA,1,12.75,4500,0,0,,,0.00,0.00,100,,0,0,,
Keenan Reynolds,WR,SEA,vs ARI,22,26.75,4500,0,0,,,0.00,0.00,100,,0,0,,
Jalen Simmons,RB,ARI,@ SEA,2,12.75,4500,0,0,,,0.00,0.00,100,,0,0,,
Pharoh Cooper,WR,ARI,@ SEA,1,12.75,4500,0,2.6,1.0,0.0,0.00,0.00,100,,0,0,0.00,
T.J. Logan,RB,ARI,@ SEA,2,12.75,4500,0,2,,1.2,0.00,0.00,100,,0,0,,
Chad Williams,WR,ARI,@ SEA,1,12.75,4500,1.1,6.8,1.6,2.7,3.37,3.37,100,,0,0.7,8.50,1.9
Malachi Dupre,WR,ARI,@ SEA,1,12.75,4500,0,0,,,0.00,0.00,100,,0,0,,
Trent Sherfield,WR,ARI,@ SEA,1,12.75,4500,1.5,11.5,,5.5,5.49,5.49,100,,27,1.2,3.30,0.7
Jalen Tolliver,WR,ARI,@ SEA,1,12.75,4500,0.9,4.2,,1.7,2.23,2.23,100,,24,0.5,,
Bo Scarbrough,RB,SEA,vs ARI,7,26.75,4500,0,0,,,0.00,0.00,100,,0,0,,
Caleb Scott,WR,SEA,vs ARI,22,26.75,4500,0,0,,,0.00,0.00,100,,0,0,,
Malik Turner,WR,SEA,vs ARI,22,26.75,4500,0,1.4,,1.5,0.00,0.00,100,,0,0,,
Anthony Sherman,RB,KC,vs OAK,10,33.25,4500,0,3.2,,2.4,0.00,0.00,100,,0,0,2.90,0.6
De'Anthony Thomas,WR,KC,vs OAK,12,33.25,4500,0,4.8,2.4,2.2,0.00,0.00,100,,0,0,,
Dwayne Harris,WR,OAK,@ KC,30,19.25,4500,0,6,0.0,1.0,0.00,0.00,100,,0,0,0.00,
Darren Waller,TE,OAK,@ KC,7,19.25,4500,0.1,6.6,,4.4,2.69,2.69,100,,10,0.6,3.80,0.8
Charcandrick West,RB,KC,vs OAK,10,33.25,4500,0,10.1,4.7,10.8,0.00,0.00,100,,0,0,-0.20,
DeAndre Washington,RB,OAK,@ KC,13,19.25,4500,0,7.2,4.5,1.1,0.00,0.00,100,,0,0,3.00,0.7
Johnny Holton,WR,OAK,@ KC,30,19.25,4500,0,6.6,5.0,0.0,0.00,0.00,100,,0,0,,
Keith Smith,RB,OAK,@ KC,13,19.25,4500,0,1.1,,1.0,0.00,0.00,100,,30,0,,
Gehrig Dieter,WR,KC,vs OAK,12,33.25,4500,0,0,,0.0,0.00,0.00,100,,0,0,2.70,0.6
Marcus Kemp,WR,KC,vs OAK,12,33.25,4500,0,0.9,,0.6,0.00,0.00,100,,0,0,,
Keon Hatcher,WR,OAK,@ KC,30,19.25,4500,0,0,,1.3,0.00,0.00,100,,0,0,,
Josh Crockett,WR,KC,vs OAK,12,33.25,4500,0,0,,,0.00,0.00,100,,0,0,,
Darrel Williams,RB,KC,vs OAK,10,33.25,4500,0.6,11.6,,5.8,4.96,4.96,100,,0,1.1,3.10,0.7
Saeed Blacknall,WR,OAK,@ KC,30,19.25,4500,0,0,,,0.00,0.00,100,,0,0,,
James Butler,RB,OAK,@ KC,13,19.25,4500,0,0,,,0.00,0.00,100,,0,0,,
Ryan Yurachek,RB,OAK,@ KC,13,19.25,4500,0,0,,,0.00,0.00,100,,0,0,,
Benny Cunningham,RB,CHI,@ MIN,16,17.25,4500,0,5.7,3.6,0.3,0.00,0.00,100,,0,0,1.30,0.3
Josh Bellamy,WR,CHI,@ MIN,9,17.25,4500,0,5.6,6.2,2.2,0.00,0.00,100,,3,0,0.70,0.2
Bears,DST,CHI,@ MIN,30,23.25,4500,4.6,20.3,9.1,11.7,10.89,10.89,100,,15,2.4,8.00,1.8
Kevin White,WR,CHI,@ MIN,9,17.25,4500,0,4.5,1.6,4.3,0.00,0.00,100,,46,0,2.70,0.6
Ameer Abdullah,RB,MIN,vs CHI,14,23.25,4500,0,7.8,8.0,0.3,0.00,0.00,100,,12,0,,
Michael Burton,RB,CHI,@ MIN,16,17.25,4500,0,0,,,0.00,0.00,100,,0,0,,
C.J. Ham,RB,MIN,vs CHI,14,23.25,4500,0,0,,,0.00,0.00,100,,0,0,,
Tanner Gentry,WR,CHI,@ MIN,9,17.25,4500,0,2.3,1.3,,0.00,0.00,100,,0,0,,
Javon Wims,WR,CHI,@ MIN,9,17.25,4500,0,0,,0.0,0.00,0.00,100,,0,0,5.20,1.2
Ryan Nall,RB,CHI,@ MIN,16,17.25,4500,0,0,,,0.00,0.00,100,,0,0,,
Jeff Badet,WR,MIN,vs CHI,24,23.25,4500,0,0,,,0.00,0.00,100,,0,0,,
Chad Beebe,WR,MIN,vs CHI,24,23.25,4500,0,0.9,,3.0,0.00,0.00,100,,0,0,,
Mike Boone,RB,MIN,vs CHI,14,23.25,4500,0,1.1,,1.0,0.00,0.00,100,,30,0,,
Roc Thomas,RB,MIN,vs CHI,14,23.25,4500,0,1.5,,1.2,0.00,0.00,100,,17,0,,
Brandon Zylstra,WR,MIN,vs CHI,24,23.25,4500,0,1.8,,0.7,0.00,0.00,100,,0,0,0.00,
Darrius Heyward-Bey,WR,PIT,vs CIN,19,29.50,4500,0,6.5,2.5,0.2,0.00,0.00,100,,0,0,,
Justin Hunter,WR,PIT,vs CIN,19,29.50,4500,0,6,2.1,0.9,0.00,0.00,100,,17,0,,
Tevin Jones,WR,PIT,vs CIN,19,29.50,4500,0,0,,,0.00,0.00,100,,0,0,,
Alex Erickson,WR,CIN,@ PIT,15,15.50,4500,3.3,8.8,1.9,1.2,5.52,5.52,100,,0,1.2,9.30,2.1
Hunter Sharp,WR,CIN,@ PIT,15,15.50,4500,0,6.5,4.6,,0.00,0.00,100,,7,0,,
Moritz Boehringer,WR,CIN,@ PIT,15,15.50,4500,0,0,,,0.00,0.00,100,,0,0,,
Roosevelt Nix,RB,PIT,vs CIN,3,29.50,4500,0,0,,,0.00,0.00,100,,0,0,,
Josh Malone,WR,CIN,@ PIT,15,15.50,4500,0,4.4,1.7,0.9,0.00,0.00,100,,0,0,0.00,
Kermit Whitfield,WR,CIN,@ PIT,15,15.50,4500,0,0,,,0.00,0.00,100,,0,0,,
Trey Griffey,WR,PIT,vs CIN,19,29.50,4500,0,0,,,0.00,0.00,100,,0,0,,
Quinton Flowers,RB,CIN,@ PIT,1,15.50,4500,0,0,,,0.00,0.00,100,,0,0,,
Auden Tate,WR,CIN,@ PIT,15,15.50,4500,0,1.5,,1.2,0.00,0.00,100,,17,0,2.00,0.4
Ralph Webb,RB,PIT,vs CIN,3,29.50,4500,0,0,,,0.00,0.00,100,,0,0,,
Brian Quick,WR,WAS,vs PHI,27,18.00,4500,0,8.1,2.1,1.7,0.00,0.00,100,,0,0,,
Kamar Aiken,WR,PHI,@ WAS,32,24.00,4500,0,7.7,1.6,4.2,0.00,0.00,100,,0,0,,
Michael Floyd,WR,WAS,vs PHI,27,18.00,4500,0,14.9,1.2,2.3,4.83,4.83,100,,0,1.1,2.50,0.6
Braxton Miller,WR,PHI,@ WAS,32,24.00,4500,0,4.7,3.2,,0.00,0.00,100,,0,0,,
Byron Marshall,RB,WAS,vs PHI,4,18.00,4500,0,3.2,2.5,1.5,0.00,0.00,100,,16,0,0.00,
Maurice Harris,WR,WAS,vs PHI,27,18.00,4500,0,6.5,3.6,4.1,0.00,0.00,100,,0,0,,
Keith Marshall,RB,WAS,vs PHI,4,18.00,4500,0,0,,,0.00,0.00,100,,0,0,,
Jeremy Sprinkle,TE,WAS,vs PHI,4,18.00,4500,1.1,9.6,2.8,2.1,4.54,4.54,100,,0,1,,
Samaje Perine,RB,WAS,vs PHI,4,18.00,4500,0,7.8,7.5,1.5,0.00,0.00,100,,19,0,0.70,0.2
Shelton Gibson,WR,PHI,@ WAS,32,24.00,4500,0,3.2,2.1,1.3,0.00,0.00,100,,0,0,,
Donnel Pumphrey,RB,PHI,@ WAS,21,24.00,4500,0,0,,,0.00,0.00,100,,0,0,,
Jehu Chesson,WR,WAS,vs PHI,27,18.00,4500,0,1.1,0.9,-0.1,0.00,0.00,100,,0,0,1.20,0.3
ArDarius Stewart,WR,WAS,vs PHI,27,18.00,4500,0,2.3,1.2,,0.00,0.00,100,,0,0,,
Dorren Miller,WR,PHI,@ WAS,32,24.00,4500,0,0,,,0.00,0.00,100,,0,0,,
Boston Scott,RB,PHI,@ WAS,21,24.00,4500,0,0,,0.0,0.00,0.00,100,,0,0,,
Andre Holmes,WR,DEN,vs LAC,5,18.75,4500,0,7.7,3.7,2.1,0.00,0.00,100,,0,0,,
Geremy Davis,WR,LAC,@ DEN,2,24.75,4500,0,1.1,,0.0,0.00,0.00,100,,0,0,,
Derek Watt,RB,LAC,@ DEN,9,24.75,4500,0,0,,,0.00,0.00,100,,0,0,,
Andy Janovich,RB,DEN,vs LAC,30,18.75,4500,0,0,,,0.00,0.00,100,,0,0,,
Devontae Booker,RB,DEN,vs LAC,30,18.75,4500,3.2,15.2,5.9,4.2,8.00,8.00,100,,21,1.8,5.90,1.3
Troymaine Pope,RB,LAC,@ DEN,9,24.75,4500,0,2.3,,,0.00,0.00,100,,0,0,,
Khalfani Muhammad,RB,DEN,vs LAC,30,18.75,4500,0,0,,,0.00,0.00,100,,0,0,,
Andre Patton,WR,LAC,@ DEN,2,24.75,4500,0,0,,,0.00,0.00,100,,0,0,,
Dylan Cantrell,WR,LAC,@ DEN,2,24.75,4500,0,0,,,0.00,0.00,100,,0,0,,
Alfred Morris,RB,SF,@ LAR,8,19.75,4500,0,11.6,5.3,4.6,3.30,3.30,100,,10,0.7,18.00,4
Marcus Lucas,WR,SF,@ LAR,4,19.75,4500,0,0,,,0.00,0.00,100,,0,0,,
Matthew Dayes,RB,SF,@ LAR,8,19.75,4500,0,1.4,0.6,0.0,0.00,0.00,100,,0,0,,
JoJo Natson Jr.,WR,LAR,vs SF,23,29.75,4500,0,0,,,0.00,0.00,100,,0,0,,
Justin Davis,RB,LAR,vs SF,26,29.75,4500,0,1.4,0.1,1.0,0.00,0.00,100,,0,0,,
Austin Proehl,WR,LAR,vs SF,23,29.75,4500,0,0,,,0.00,0.00,100,,0,0,,
Khadarel Hodge,WR,LAR,vs SF,23,29.75,4500,0,1.2,,0.7,0.00,0.00,100,,0,0,,
John Kelly,RB,LAR,vs SF,26,29.75,4500,5.9,12.2,,2.9,8.43,8.43,100,,0,1.9,5.30,1.2
Steven Dunbar,WR,SF,@ LAR,4,19.75,4500,0,0,,,0.00,0.00,100,,0,0,,
Robert Turbin,RB,IND,@ TEN,27,23.75,4500,0,5.6,3.6,-0.1,0.00,0.00,100,,14,0,,
Ryan Grant,WR,IND,@ TEN,8,23.75,4500,0,8.3,6.5,4.3,2.45,2.45,100,,3,0.5,0.90,0.2
David Fluellen,RB,TEN,vs IND,29,18.75,4500,0,1.1,0.5,0.8,0.00,0.00,100,,0,0,,
Darius Jennings,WR,TEN,vs IND,20,18.75,4500,0,3.9,,1.5,0.00,0.00,100,,0,0,3.20,0.7
Marcus Johnson,WR,IND,@ TEN,8,23.75,4500,0,5.3,0.8,4.8,0.00,0.00,100,,0,0,,
Jonathan Williams,RB,IND,@ TEN,27,23.75,4500,0,3.3,,0.2,0.00,0.00,100,,0,0,,
Jeremy McNichols,RB,TEN,vs IND,29,18.75,4500,0,0,,0.4,0.00,0.00,100,,0,0,,
Steve Ishmael,WR,IND,@ TEN,8,23.75,4500,0,0,,,0.00,0.00,100,,0,0,,
Simmie Cobbs,WR,NO,vs CAR,6,25.00,4500,0,0,,,0.00,0.00,100,,0,0,,
Justin Watson,WR,TB,vs ATL,3,24.75,4500,0,0.8,,0.5,0.00,0.00,100,,0,0,0.00,
Shaun Wilson,RB,TB,vs ATL,19,24.75,4500,0,0.8,,1.0,0.00,0.00,100,,50,0,,
Darvin Kidsy,WR,WAS,vs PHI,27,18.00,4500,0,0,,,0.00,0.00,100,,0,0,1.30,0.3
River Cracraft,WR,DEN,vs LAC,5,18.75,4500,0,0,,0.0,0.00,0.00,100,,0,0,2.90,0.6
Dalyn Dawkins,RB,TEN,vs IND,29,18.75,4500,0,0,,,0.00,0.00,100,,0,0,,
Devin Ross,WR,TEN,vs IND,20,18.75,4500,0,0,,,0.00,0.00,100,,0,0,,
Reece Fountain,WR,IND,@ TEN,8,23.75,4500,0,0,,,0.00,0.00,100,,0,0,,
Dolphins,DST,MIA,@ BUF,12,22.25,4400,0.6,18.8,5.8,7.3,7.86,7.86,100,,0,1.8,5.00,1.1
Chiefs,DST,KC,vs OAK,11,19.25,4400,4.1,21.8,7.7,7.1,11.18,11.18,100,,18,2.5,24.00,5.5
Chargers,DST,LAC,@ DEN,5,18.75,4400,5.2,19.7,10.3,6.0,11.00,11.00,100,,16,2.5,17.00,3.9
Mo Alie-Cox,TE,IND,@ TEN,29,23.75,4400,0,8.7,,3.3,2.95,2.95,100,,0,0.7,2.60,0.6
Packers,DST,GB,vs DET,21,18.50,4300,4.7,20,5.9,6.1,10.81,10.81,100,,13,2.5,0.00,
Jerell Adams,TE,HOU,vs JAC,8,23.25,4300,0,3.5,2.2,,0.00,0.00,100,,12,0,,
Clive Walford,TE,NYJ,@ NE,20,16.25,4300,0,5.1,2.1,,0.00,0.00,100,,17,0,,
Josh Hill,TE,NO,vs CAR,17,25.00,4300,0.1,9.6,3.4,3.3,3.87,3.87,100,,0,0.9,0.00,
Rhett Ellison,TE,NYG,vs DAL,9,22.75,4300,0,4.4,4.0,3.7,0.00,0.00,100,,0,0,,
Logan Thomas,TE,BUF,vs MIA,27,22.25,4300,0,4.2,2.9,1.8,0.00,0.00,100,,0,0,,
Mike Gesicki,TE,MIA,@ BUF,3,17.25,4300,0.6,5.6,,2.1,2.59,2.59,100,,5,0.6,2.30,0.5
Nick Boyle,TE,BAL,vs CLE,15,23.75,4300,0.6,4.6,2.4,2.7,2.23,2.23,100,,38,0.5,,
Hayden Hurst,TE,BAL,vs CLE,15,23.75,4300,0.9,8.4,,2.9,3.91,3.91,100,,0,0.9,5.30,1.2
Demetrius Harris,TE,KC,vs OAK,32,33.25,4300,0,7.3,2.9,4.0,2.46,2.46,100,,0,0.6,,
Adam Shaheen,TE,CHI,@ MIN,23,17.25,4300,0,8.8,6.1,4.4,2.17,2.17,100,,21,0.5,,
Tyler Conklin,TE,MIN,vs CHI,6,23.25,4300,0,3.3,,2.6,0.00,0.00,100,,15,0,,
Colts,DST,IND,@ TEN,32,18.75,4300,3.5,16.2,5.6,7.3,8.55,8.55,100,,24,2,7.00,1.6
Titans,DST,TEN,vs IND,17,23.75,4300,2,13.5,6.1,7.2,6.55,6.55,100,,21,1.5,10.00,2.3
Luke Willson,TE,DET,@ GB,16,18.50,4200,0,6.8,3.6,1.5,0.00,0.00,100,,0,0,,
Michael Roberts,TE,DET,@ GB,16,18.50,4200,0,7.5,1.3,4.6,0.00,0.00,100,,0,0,,
Robert Tonyan,TE,GB,vs DET,24,26.50,4200,0,7.2,,3.6,0.00,0.00,100,,0,0,1.20,0.3
Jordan Akins,TE,HOU,vs JAC,8,23.25,4200,0.9,4.9,,2.6,2.47,2.47,100,,38,0.6,0.00,
Charles Clay,TE,BUF,vs MIA,27,22.25,4200,0,10.4,6.8,2.4,2.79,2.79,100,,22,0.7,,
Nick O'Leary,TE,MIA,@ BUF,3,17.25,4200,0,4.5,4.0,3.7,0.00,0.00,100,,0,0,,
Jermaine Gresham,TE,ARI,@ SEA,28,12.75,4200,0,5.9,4.3,1.5,0.00,0.00,100,,9,0,,
Lee Smith,TE,OAK,@ KC,7,19.25,4200,0,3.3,1.9,5.1,0.00,0.00,100,,12,0,,
Tyler Kroft,TE,CIN,@ PIT,18,15.50,4200,0,8,6.9,1.1,0.00,0.00,100,,0,0,,
Tyler Higbee,TE,LAR,vs SF,26,29.75,4200,1.1,8.6,3.3,3.8,4.06,4.06,100,,0,1,4.10,1
Luke Stocker,TE,TEN,vs IND,13,18.75,4200,0,3.6,2.8,2.5,0.00,0.00,100,,0,0,8.70,2.1
Lance Kendricks,TE,GB,vs DET,24,26.50,4100,0,8.4,3.2,2.7,3.02,3.02,100,,8,0.7,0.00,
Marcedes Lewis,TE,GB,vs DET,24,26.50,4100,0,6.6,4.5,1.4,0.00,0.00,100,,0,0,,
Ryan Griffin,TE,HOU,vs JAC,8,23.25,4100,0.5,9.7,5.1,3.4,4.17,4.17,100,,12,1,1.30,0.3
Blake Bell,TE,JAC,@ HOU,12,16.25,4100,0,5.7,1.8,1.5,2.22,2.22,100,,0,0.5,0.50,0.1
Dwayne Allen,TE,NE,vs NYJ,5,30.25,4100,0,8.3,1.6,1.4,0.00,0.00,100,,0,0,,
Patriots,DST,NE,vs NYJ,10,16.25,4100,5.2,18,7.3,7.7,10.34,10.34,100,,35,2.5,21.00,5.1
Cowboys,DST,DAL,@ NYG,8,22.75,4100,4.2,16.2,7.2,6.3,9.03,9.03,100,,23,2.2,1.00,0.2
Scott Simonson,TE,NYG,vs DAL,9,22.75,4100,0,4.4,,2.4,0.00,0.00,100,,0,0,2.40,0.6
Garrett Dickerson,TE,NYG,vs DAL,9,22.75,4100,0,0,,,0.00,0.00,100,,0,0,,
Durham Smythe,TE,MIA,@ BUF,3,17.25,4100,0,2,,0.7,0.00,0.00,100,,0,0,2.90,0.7
Seth DeValve,TE,CLE,@ BAL,1,16.75,4100,0,4.2,3.8,3.2,0.00,0.00,100,,22,0,,
Vikings,DST,MIN,vs CHI,27,17.25,4100,4.5,20.5,7.2,7.4,10.87,10.87,100,,21,2.7,0.00,
Xavier Grimble,TE,PIT,vs CIN,19,29.50,4100,0,3.9,1.5,1.3,0.00,0.00,100,,0,0,2.10,0.5
Virgil Green,TE,LAC,@ DEN,14,24.75,4100,0,6.6,2.9,3.0,2.44,2.44,100,,10,0.6,0.00,
Broncos,DST,DEN,vs LAC,19,24.75,4100,3.2,18.5,6.8,8.0,9.34,9.34,100,,28,2.3,8.00,2
Levine Toilolo,TE,DET,@ GB,16,18.50,4000,1.1,8.6,2.6,3.1,4.06,4.06,100,,0,1,12.30,3.1
Jerome Cunningham,TE,DET,@ GB,16,18.50,4000,0,1.2,,,0.00,0.00,100,,53,0,,
Malcolm Johnson,TE,GB,vs DET,24,26.50,4000,0,0,,,0.00,0.00,100,,0,0,,
Ben Koyack,TE,JAC,@ HOU,12,16.25,4000,0,4.1,1.9,,0.00,0.00,100,,0,0,,
James O'Shaughnessy,TE,JAC,@ HOU,12,16.25,4000,1.5,7.8,2.0,2.3,4.00,4.00,100,,0,1,4.00,1
David Grinnage,TE,JAC,@ HOU,12,16.25,4000,0,2.4,,3.0,0.00,0.00,100,,47,0,,
Pharoah McKever,TE,JAC,@ HOU,12,16.25,4000,0,0,,,0.00,0.00,100,,0,0,,
Neal Sterling,TE,NYJ,@ NE,20,16.25,4000,0,4.2,2.8,1.9,0.00,0.00,100,,0,0,,
Eric Tomlinson,TE,NYJ,@ NE,20,16.25,4000,0,3.2,2.8,1.4,0.00,0.00,100,,0,0,,
Stephen Anderson,TE,NE,vs NYJ,5,30.25,4000,0,5.3,3.8,,0.00,0.00,100,,0,0,,
Jacob Hollister,TE,NE,vs NYJ,5,30.25,4000,0,2.1,0.7,3.6,0.00,0.00,100,,0,0,,
Jordan Leggett,TE,NYJ,@ NE,20,16.25,4000,0,3.5,,1.9,0.00,0.00,100,,0,0,1.20,0.3
Chris Manhertz,TE,CAR,@ NO,22,18.00,4000,0,5.7,0.9,4.1,0.00,0.00,100,,0,0,,
Garrett Griffin,TE,NO,vs CAR,17,25.00,4000,0,0.6,0.5,,0.00,0.00,100,,0,0,,
Jason Vander Laan,TE,CAR,@ NO,22,18.00,4000,0,0,,,0.00,0.00,100,,0,0,,
Dan Arnold,TE,NO,vs CAR,17,25.00,4000,0,5.9,,3.9,0.00,0.00,100,,0,0,,
Hakeem Valles,TE,NYG,vs DAL,9,22.75,4000,0,0.8,,1.1,0.00,0.00,100,,0,0,,
Rico Gathers,TE,DAL,@ NYG,31,15.75,4000,0,2.1,,1.0,0.00,0.00,100,,0,0,,
Dalton Schultz,TE,DAL,@ NYG,31,15.75,4000,0,2.7,,2.2,0.00,0.00,100,,18,0,2.20,0.6
Logan Paulsen,TE,ATL,@ TB,21,26.75,4000,0,3.2,0.0,2.9,0.00,0.00,100,,0,0,2.40,0.6
Alan Cross,TE,TB,vs ATL,30,24.75,4000,0,2.3,1.7,0.5,0.00,0.00,100,,0,0,,
Alex Gray,TE,ATL,@ TB,21,26.75,4000,0,0,,,0.00,0.00,100,,0,0,,
Eric Saubert,TE,ATL,@ TB,21,26.75,4000,0,1.4,,1.5,0.00,0.00,100,,40,0,,
Antony Auclair,TE,TB,vs ATL,30,24.75,4000,0,1.2,1.8,1.4,0.00,0.00,100,,47,0,0.00,
Jaeden Graham,TE,ATL,@ TB,21,26.75,4000,0,0,,,0.00,0.00,100,,0,0,,
Tanner Hudson,TE,TB,vs ATL,30,24.75,4000,0,0,,,0.00,0.00,100,,0,0,,
Khari Lee,TE,BUF,vs MIA,27,22.25,4000,0,0.8,,1.0,0.00,0.00,100,,0,0,,
AJ Derby,TE,MIA,@ BUF,3,17.25,4000,0,5.9,4.1,4.1,0.00,0.00,100,,3,0,,
Jason Croom,TE,BUF,vs MIA,27,22.25,4000,1.8,7.6,,2.9,4.13,4.13,100,,21,1,4.20,1.1
Keith Towbridge,TE,BUF,vs MIA,27,22.25,4000,0,0,,,0.00,0.00,100,,0,0,,
Maxx Williams,TE,BAL,vs CLE,15,23.75,4000,0,4.5,2.3,3.6,0.00,0.00,100,,12,0,0.00,
Orson Charles,TE,CLE,@ BAL,1,16.75,4000,0,2,2.1,0.6,0.00,0.00,100,,0,0,,
Pharaoh Brown,TE,CLE,@ BAL,1,16.75,4000,0,0,,,0.00,0.00,100,,0,0,,
Nick Keizer,TE,BAL,vs CLE,15,23.75,4000,0,0,,,0.00,0.00,100,,0,0,,
John Phillips,TE,ARI,@ SEA,28,12.75,4000,0,3.8,,1.4,0.00,0.00,100,,11,0,3.90,1
Gabe Holmes,TE,ARI,@ SEA,28,12.75,4000,0,0,0.0,,0.00,0.00,100,,0,0,,
Darrell Daniels,TE,ARI,@ SEA,28,12.75,4000,0,1.1,0.7,0.0,0.00,0.00,100,,0,0,0.00,
Tyrone Swoopes,TE,SEA,vs ARI,2,26.75,4000,0,0,,2.8,0.00,0.00,100,,0,0,,
Derek Carrier,TE,OAK,@ KC,7,19.25,4000,0,3.5,1.2,2.7,0.00,0.00,100,,0,0,,
Alex Ellis,TE,KC,vs OAK,32,33.25,4000,0,1.2,,,0.00,0.00,100,,11,0,,
David Wells,TE,KC,vs OAK,32,33.25,4000,0,0,,,0.00,0.00,100,,0,0,,
Deon Yelder,TE,KC,vs OAK,32,33.25,4000,0,0,,,0.00,0.00,100,,0,0,,
Paul Butler,TE,OAK,@ KC,7,19.25,4000,0,0,,,0.00,0.00,100,,0,0,,
Dion Sims,TE,CHI,@ MIN,23,17.25,4000,0,5.7,2.6,1.0,0.00,0.00,100,,0,0,,
Daniel Brown,TE,CHI,@ MIN,23,17.25,4000,0,3.9,2.4,,0.00,0.00,100,,16,0,,
David Morgan,TE,MIN,vs CHI,6,23.25,4000,0,3.2,2.6,1.2,0.00,0.00,100,,0,0,,
Ben Braunecker,TE,CHI,@ MIN,23,17.25,4000,0,1.5,,1.1,0.00,0.00,100,,33,0,,
Cole Hikutini,TE,MIN,vs CHI,6,23.25,4000,0,0.3,1.3,,0.00,0.00,100,,0,0,,
Matt Lengel,TE,CIN,@ PIT,18,15.50,4000,0,4.7,,1.5,0.00,0.00,100,,0,0,,
Bucky Hodges,TE,PIT,vs CIN,19,29.50,4000,0,0,,,0.00,0.00,100,,0,0,,
Trey Edmunds,TE,PIT,vs CIN,19,29.50,4000,0,7.7,3.6,,0.00,0.00,100,,0,0,,
Mason Schreck,TE,CIN,@ PIT,18,15.50,4000,0,0,,,0.00,0.00,100,,0,0,,
Andrew Vollert,TE,CIN,@ PIT,18,15.50,4000,0,0,,,0.00,0.00,100,,0,0,,
Jordan Franks,TE,CIN,@ PIT,18,15.50,4000,0,2.4,,1.6,0.00,0.00,100,,0,0,,
Christian Scotland-Williamson,TE,PIT,vs CIN,19,29.50,4000,0,0,,,0.00,0.00,100,,0,0,,
Richard Rodgers,TE,PHI,@ WAS,11,24.00,4000,0,7.5,3.1,1.2,0.00,0.00,100,,0,0,,
Eagles,DST,PHI,@ WAS,24,18.00,4000,4.1,21.6,10.6,5.3,11.14,11.14,100,,20,2.8,16.00,4
Will Tye,TE,PHI,@ WAS,11,24.00,4000,0,5.6,2.9,,0.00,0.00,100,,29,0,,
J.P. Holtz,TE,WAS,vs PHI,4,18.00,4000,0,0,,,0.00,0.00,100,,0,0,,
Brian Parker,TE,DEN,vs LAC,25,18.75,4000,1.9,4.4,,1.0,2.85,2.85,100,,0,0.7,,
Tim Semisch,TE,DEN,vs LAC,25,18.75,4000,0,0,,,0.00,0.00,100,,0,0,,
Vince Mayle,TE,LAC,@ DEN,14,24.75,4000,0,3.8,1.6,,0.00,0.00,100,,0,0,,
Temarrick Hemingway,TE,DEN,vs LAC,25,18.75,4000,0,0,,,0.00,0.00,100,,0,0,,
Sean Culkin,TE,LAC,@ DEN,14,24.75,4000,0,0,,2.9,0.00,0.00,100,,0,0,,
Henry Krieger-Coble,TE,LAR,vs SF,26,29.75,4000,0,0,,,0.00,0.00,100,,0,0,,
Johnny Mundt,TE,LAR,vs SF,26,29.75,4000,0,0,,,0.00,0.00,100,,0,0,1.00,0.3
Ross Dwelley,TE,SF,@ LAR,10,19.75,4000,0,0,,1.3,0.00,0.00,100,,0,0,1.10,0.3
Ryan Hewitt,TE,IND,@ TEN,29,23.75,4000,0,1.4,1.6,0.0,0.00,0.00,100,,18,0,6.60,1.7
Erik Swoope,TE,IND,@ TEN,29,23.75,4000,0,5.4,,4.4,0.00,0.00,100,,22,0,,
Je'Ron Hamm,TE,IND,@ TEN,29,23.75,4000,0,0,,,0.00,0.00,100,,0,0,,
Cole Wick,TE,TEN,vs IND,13,18.75,4000,0,1.2,,0.0,0.00,0.00,100,,0,0,,
Ethan Wolf,TE,GB,vs DET,24,26.50,4000,0,0,,,0.00,0.00,100,,0,0,,
Matt Flanagan,TE,WAS,vs PHI,4,18.00,4000,0,0,,0.0,0.00,0.00,100,,0,0,1.90,0.5
Jaguars,DST,JAC,@ HOU,25,23.25,3800,3.3,21.1,12.2,7.0,10.43,10.43,100,,4,2.7,9.00,2.4
Bills,DST,BUF,vs MIA,20,17.25,3700,4.5,19,6.4,5.8,10.32,10.32,100,,16,2.8,13.00,3.5
Browns,DST,CLE,@ BAL,13,23.75,3600,3.1,15.3,4.8,6.5,7.99,7.99,100,,11,2.2,4.00,1.1
Redskins,DST,WAS,vs PHI,16,24.00,3400,4.1,16.1,7.0,7.2,8.89,8.89,100,,25,2.6,5.00,1.5
Lions,DST,DET,@ GB,6,26.50,3300,3,16.5,9.8,5.5,8.38,8.38,100,,23,2.5,15.00,4.5
Giants,DST,NYG,vs DAL,22,15.75,3300,3.6,19.6,5.9,5.4,9.99,9.99,100,,3,3,2.00,0.6
Falcons,DST,ATL,@ TB,23,24.75,3300,3.8,18.3,7.2,5.1,9.55,9.55,100,,8,2.9,2.00,0.6
Buccaneers,DST,TB,vs ATL,18,26.75,3300,2.9,17.4,6.9,3.8,8.66,8.66,100,,9,2.6,2.00,0.6
Cardinals,DST,ARI,@ SEA,14,26.75,3100,2.7,20.5,6.9,4.9,9.82,9.82,100,,10,3.2,16.00,5.2
Jets,DST,NYJ,@ NE,1,30.25,3000,1.5,14.2,4.5,7.1,6.58,6.58,100,,6,2.2,-3.00,
Panthers,DST,CAR,@ NO,7,25.00,3000,1.8,19,8.2,5.3,8.65,8.65,100,,15,2.9,5.00,1.7
Raiders,DST,OAK,@ KC,9,33.25,3000,1.4,11.4,4.4,3.0,5.42,5.42,100,,15,1.8,-2.00,
Bengals,DST,CIN,@ PIT,15,29.50,3000,1.8,15,6.4,4.8,7.05,7.05,100,,17,2.4,10.00,3.3
49ers,DST,SF,@ LAR,29,29.75,3000,1.4,13.4,5.1,3.9,6.19,6.19,100,,4,2.1,-4.00,
